Name,Price,Points,Link
Legendary Wheat Storage,0.49749735,45,https://opensea.io/assets/ethereum/0xc36cf0cfcb5d905b8b513860db0cfe63f6cf9f5c/104126404277807169819792629874121072705536
Legendary Wheat Storage,0.49753886,45,https://opensea.io/assets/ethereum/0xc36cf0cfcb5d905b8b513860db0cfe63f6cf9f5c/104126404277807169819792629874121072705536
Legendary Wheat Storage,0.49758036995849,45,https://opensea.io/assets/ethereum/0xc36cf0cfcb5d905b8b513860db0cfe63f6cf9f5c/104126404277807169819792629874121072705536
Legendary Wheat Storage,0.49766339,45,https://opensea.io/assets/ethereum/0xc36cf0cfcb5d905b8b513860db0cfe63f6cf9f5c/104126404277807169819792629874121072705536
Legendary Wheat Storage,.499900000000000000,45,https://opensea.io/assets/ethereum/0xc36cf0cfcb5d905b8b513860db0cfe63f6cf9f5c/104126404277807169819792629874121072705536
Legendary Wheat Storage,.500000000000000000,45,https://opensea.io/assets/ethereum/0xc36cf0cfcb5d905b8b513860db0cfe63f6cf9f5c/104126404277807169819792629874121072705536
Legendary Wheat Storage,.600000000000000000,45,https://opensea.io/assets/ethereum/0xc36cf0cfcb5d905b8b513860db0cfe63f6cf9f5c/104126404277807169819792629874121072705536
Alfa Fountain Great,0.68694899,50,https://opensea.io/assets/ethereum/0xc36cf0cfcb5d905b8b513860db0cfe63f6cf9f5c/11229318108390969294291362045248350978048
Alfa Fountain Great,0.6869905000000001,50,https://opensea.io/assets/ethereum/0xc36cf0cfcb5d905b8b513860db0cfe63f6cf9f5c/11229318108390969294291362045248350978048
Haunted West Wing,.730000000000000000,60,https://opensea.io/assets/ethereum/0xc36cf0cfcb5d905b8b513860db0cfe63f6cf9f5c/174905136597362370220174548219928860688384
Haunted Porch,0.738878,79,https://opensea.io/assets/ethereum/0xc36cf0cfcb5d905b8b513860db0cfe63f6cf9f5c/175245418964283308683637922827360628899840
Haunted East Wing,.739999900000000000,60,https://opensea.io/assets/ethereum/0xc36cf0cfcb5d905b8b513860db0cfe63f6cf9f5c/174564854230441431756711173612497092476928
Haunted West Wing,.750000000000000000,60,https://opensea.io/assets/ethereum/0xc36cf0cfcb5d905b8b513860db0cfe63f6cf9f5c/174905136597362370220174548219928860688384
Haunted Porch,.750000000000000000,79,https://opensea.io/assets/ethereum/0xc36cf0cfcb5d905b8b513860db0cfe63f6cf9f5c/175245418964283308683637922827360628899840
Haunted Porch,0.780388,79,https://opensea.io/assets/ethereum/0xc36cf0cfcb5d905b8b513860db0cfe63f6cf9f5c/175245418964283308683637922827360628899840
Alfa Fountain Great,.777000000000000000,50,https://opensea.io/assets/ethereum/0xc36cf0cfcb5d905b8b513860db0cfe63f6cf9f5c/11229318108390969294291362045248350978048
Haunted Porch,0.784539,79,https://opensea.io/assets/ethereum/0xc36cf0cfcb5d905b8b513860db0cfe63f6cf9f5c/175245418964283308683637922827360628899840
Saltybot,1.570000000000000000,75,https://opensea.io/assets/ethereum/0xc36cf0cfcb5d905b8b513860db0cfe63f6cf9f5c/86091438830997431256233775680237357498368
Rare Lolli and Pop Shop,.789960000000000000,55,https://opensea.io/assets/ethereum/0xc36cf0cfcb5d905b8b513860db0cfe63f6cf9f5c/228329468203949708983924361586716469886976
Haunted East Wing,.790000000000000000,60,https://opensea.io/assets/ethereum/0xc36cf0cfcb5d905b8b513860db0cfe63f6cf9f5c/174564854230441431756711173612497092476928
Rare Lolli and Pop Shop,.790000000000000000,55,https://opensea.io/assets/ethereum/0xc36cf0cfcb5d905b8b513860db0cfe63f6cf9f5c/228329468203949708983924361586716469886976
Haunted West Wing,.790000000000000000,60,https://opensea.io/assets/ethereum/0xc36cf0cfcb5d905b8b513860db0cfe63f6cf9f5c/174905136597362370220174548219928860688384
Haunted West Wing,.790000000000000000,60,https://opensea.io/assets/ethereum/0xc36cf0cfcb5d905b8b513860db0cfe63f6cf9f5c/174905136597362370220174548219928860688384
Haunted Porch,.800000000000000000,79,https://opensea.io/assets/ethereum/0xc36cf0cfcb5d905b8b513860db0cfe63f6cf9f5c/175245418964283308683637922827360628899840
Alfa Fountain Great,.800000000000000000,50,https://opensea.io/assets/ethereum/0xc36cf0cfcb5d905b8b513860db0cfe63f6cf9f5c/11229318108390969294291362045248350978048
Saltybot,.800000000000000000,75,https://opensea.io/assets/ethereum/0xc36cf0cfcb5d905b8b513860db0cfe63f6cf9f5c/86091438830997431256233775680237357498368
Haunted West Wing,0.821898,60,https://opensea.io/assets/ethereum/0xc36cf0cfcb5d905b8b513860db0cfe63f6cf9f5c/174905136597362370220174548219928860688384
Saltybot,.820000000000000000,75,https://opensea.io/assets/ethereum/0xc36cf0cfcb5d905b8b513860db0cfe63f6cf9f5c/86091438830997431256233775680237357498368
Haunted West Wing,.820000000000000000,60,https://opensea.io/assets/ethereum/0xc36cf0cfcb5d905b8b513860db0cfe63f6cf9f5c/174905136597362370220174548219928860688384
Haunted East Wing,.820000000000000000,60,https://opensea.io/assets/ethereum/0xc36cf0cfcb5d905b8b513860db0cfe63f6cf9f5c/174564854230441431756711173612497092476928
Rare Lolli and Pop Shop,0.8302,55,https://opensea.io/assets/ethereum/0xc36cf0cfcb5d905b8b513860db0cfe63f6cf9f5c/228329468203949708983924361586716469886976
Haunted West Wing,.830000000000000000,60,https://opensea.io/assets/ethereum/0xc36cf0cfcb5d905b8b513860db0cfe63f6cf9f5c/174905136597362370220174548219928860688384
Saltybot,.849000000000000000,75,https://opensea.io/assets/ethereum/0xc36cf0cfcb5d905b8b513860db0cfe63f6cf9f5c/86091438830997431256233775680237357498368
Haunted West Wing,.849960000000000000,60,https://opensea.io/assets/ethereum/0xc36cf0cfcb5d905b8b513860db0cfe63f6cf9f5c/174905136597362370220174548219928860688384
Legendary Wheat Storage,.900000000000000000,45,https://opensea.io/assets/ethereum/0xc36cf0cfcb5d905b8b513860db0cfe63f6cf9f5c/104126404277807169819792629874121072705536
Rare Lolli and Pop Shop,0.9318995,55,https://opensea.io/assets/ethereum/0xc36cf0cfcb5d905b8b513860db0cfe63f6cf9f5c/228329468203949708983924361586716469886976
Rare Lolli and Pop Shop,0.933975,55,https://opensea.io/assets/ethereum/0xc36cf0cfcb5d905b8b513860db0cfe63f6cf9f5c/228329468203949708983924361586716469886976
Haunted West Wing,.950000000000000000,60,https://opensea.io/assets/ethereum/0xc36cf0cfcb5d905b8b513860db0cfe63f6cf9f5c/174905136597362370220174548219928860688384
Haunted West Wing,.950000000000000000,60,https://opensea.io/assets/ethereum/0xc36cf0cfcb5d905b8b513860db0cfe63f6cf9f5c/174905136597362370220174548219928860688384
Haunted West Wing,.950000000000000000,60,https://opensea.io/assets/ethereum/0xc36cf0cfcb5d905b8b513860db0cfe63f6cf9f5c/174905136597362370220174548219928860688384
Haunted West Wing,0.9651075,60,https://opensea.io/assets/ethereum/0xc36cf0cfcb5d905b8b513860db0cfe63f6cf9f5c/174905136597362370220174548219928860688384
Rare Bitrue Wheat,.966000000000000000,70,https://opensea.io/assets/ethereum/0xc36cf0cfcb5d905b8b513860db0cfe63f6cf9f5c/33007389591331030955947336920881516511232
Rare Bitrue Wheat,.979000000000000000,70,https://opensea.io/assets/ethereum/0xc36cf0cfcb5d905b8b513860db0cfe63f6cf9f5c/33007389591331030955947336920881516511232
Rare Bitrue Wheat,.980000000000000000,70,https://opensea.io/assets/ethereum/0xc36cf0cfcb5d905b8b513860db0cfe63f6cf9f5c/33007389591331030955947336920881516511232
Alfa Fountain Great,.990000000000000000,50,https://opensea.io/assets/ethereum/0xc36cf0cfcb5d905b8b513860db0cfe63f6cf9f5c/11229318108390969294291362045248350978048
Legendary Wheat Storage,1.000000000000000000,45,https://opensea.io/assets/ethereum/0xc36cf0cfcb5d905b8b513860db0cfe63f6cf9f5c/104126404277807169819792629874121072705536
Rare Bitrue Wheat,1.000000000000000000,70,https://opensea.io/assets/ethereum/0xc36cf0cfcb5d905b8b513860db0cfe63f6cf9f5c/33007389591331030955947336920881516511232
Rare Lolli and Pop Shop,1.000000000000000000,55,https://opensea.io/assets/ethereum/0xc36cf0cfcb5d905b8b513860db0cfe63f6cf9f5c/228329468203949708983924361586716469886976
Legendary Wheat Storage,1.050000000000000000,45,https://opensea.io/assets/ethereum/0xc36cf0cfcb5d905b8b513860db0cfe63f6cf9f5c/104126404277807169819792629874121072705536
Legendary Wheat Stand,1.080000000000000000,72,https://opensea.io/assets/ethereum/0xc36cf0cfcb5d905b8b513860db0cfe63f6cf9f5c/103445839543965292892865880659257536282624
Haunted West Wing,1.100000000000000000,60,https://opensea.io/assets/ethereum/0xc36cf0cfcb5d905b8b513860db0cfe63f6cf9f5c/174905136597362370220174548219928860688384
Legendary Wheat Stand,1.100000000000000000,72,https://opensea.io/assets/ethereum/0xc36cf0cfcb5d905b8b513860db0cfe63f6cf9f5c/103445839543965292892865880659257536282624
CraneBot,1.112468,100,https://opensea.io/assets/ethereum/0xc36cf0cfcb5d905b8b513860db0cfe63f6cf9f5c/32326824857489154029020587706017980088320
CraneBot,5.583095,100,https://opensea.io/assets/ethereum/0xc36cf0cfcb5d905b8b513860db0cfe63f6cf9f5c/32326824857489154029020587706017980088320
CraneBot,1.116619,100,https://opensea.io/assets/ethereum/0xc36cf0cfcb5d905b8b513860db0cfe63f6cf9f5c/32326824857489154029020587706017980088320
CraneBot,1.116619,100,https://opensea.io/assets/ethereum/0xc36cf0cfcb5d905b8b513860db0cfe63f6cf9f5c/32326824857489154029020587706017980088320
CraneBot,1.116619,100,https://opensea.io/assets/ethereum/0xc36cf0cfcb5d905b8b513860db0cfe63f6cf9f5c/32326824857489154029020587706017980088320
CraneBot,2.233238,100,https://opensea.io/assets/ethereum/0xc36cf0cfcb5d905b8b513860db0cfe63f6cf9f5c/32326824857489154029020587706017980088320
CraneBot,3.349857,100,https://opensea.io/assets/ethereum/0xc36cf0cfcb5d905b8b513860db0cfe63f6cf9f5c/32326824857489154029020587706017980088320
Rare Bitrue Wheat,1.200000000000000000,70,https://opensea.io/assets/ethereum/0xc36cf0cfcb5d905b8b513860db0cfe63f6cf9f5c/33007389591331030955947336920881516511232
CraneBot,1.200000000000000000,100,https://opensea.io/assets/ethereum/0xc36cf0cfcb5d905b8b513860db0cfe63f6cf9f5c/32326824857489154029020587706017980088320
Rare Lolli and Pop Shop,1.230000000000000000,55,https://opensea.io/assets/ethereum/0xc36cf0cfcb5d905b8b513860db0cfe63f6cf9f5c/228329468203949708983924361586716469886976
Rare Bitrue Wheat,1.240000000000000000,70,https://opensea.io/assets/ethereum/0xc36cf0cfcb5d905b8b513860db0cfe63f6cf9f5c/33007389591331030955947336920881516511232
Rare Lolli and Pop Shop,1.249990000000000000,55,https://opensea.io/assets/ethereum/0xc36cf0cfcb5d905b8b513860db0cfe63f6cf9f5c/228329468203949708983924361586716469886976
Legendary Wheat Stand,1.300000000000000000,72,https://opensea.io/assets/ethereum/0xc36cf0cfcb5d905b8b513860db0cfe63f6cf9f5c/103445839543965292892865880659257536282624
Legendary Wheat Storage,1.350000000000000000,45,https://opensea.io/assets/ethereum/0xc36cf0cfcb5d905b8b513860db0cfe63f6cf9f5c/104126404277807169819792629874121072705536
Saltybot,1.41134,75,https://opensea.io/assets/ethereum/0xc36cf0cfcb5d905b8b513860db0cfe63f6cf9f5c/86091438830997431256233775680237357498368
Legendary Water Tower,1.399990000000000000,72,https://opensea.io/assets/ethereum/0xc36cf0cfcb5d905b8b513860db0cfe63f6cf9f5c/106508380846253739064036252126143450185728
Legendary Water Tower,1.400000000000000000,72,https://opensea.io/assets/ethereum/0xc36cf0cfcb5d905b8b513860db0cfe63f6cf9f5c/106508380846253739064036252126143450185728
Legendary Water Tower,1.400000000000000000,72,https://opensea.io/assets/ethereum/0xc36cf0cfcb5d905b8b513860db0cfe63f6cf9f5c/106508380846253739064036252126143450185728
Legendary Wheat Stand,1.45285,72,https://opensea.io/assets/ethereum/0xc36cf0cfcb5d905b8b513860db0cfe63f6cf9f5c/103445839543965292892865880659257536282624
Alfa Fountain Majestic,1.49012598,75,https://opensea.io/assets/ethereum/0xc36cf0cfcb5d905b8b513860db0cfe63f6cf9f5c/11569600475311907757754736652680119189504
Alfa Fountain Majestic,1.49016749,75,https://opensea.io/assets/ethereum/0xc36cf0cfcb5d905b8b513860db0cfe63f6cf9f5c/11569600475311907757754736652680119189504
Legendary Wheat Stand,1.480000000000000000,72,https://opensea.io/assets/ethereum/0xc36cf0cfcb5d905b8b513860db0cfe63f6cf9f5c/103445839543965292892865880659257536282624
OKEx Barter Station,1.500000000000000000,91,https://opensea.io/assets/ethereum/0xc36cf0cfcb5d905b8b513860db0cfe63f6cf9f5c/187155301806516154904856034087472516300800
Alfa Fountain Majestic,1.500000000000000000,75,https://opensea.io/assets/ethereum/0xc36cf0cfcb5d905b8b513860db0cfe63f6cf9f5c/11569600475311907757754736652680119189504
Haunted Porch,1.500000000000000000,79,https://opensea.io/assets/ethereum/0xc36cf0cfcb5d905b8b513860db0cfe63f6cf9f5c/175245418964283308683637922827360628899840
OKEx Barter Station,1.52200566,91,https://opensea.io/assets/ethereum/0xc36cf0cfcb5d905b8b513860db0cfe63f6cf9f5c/187155301806516154904856034087472516300800
Rare Solar Panel,1.569078,100,https://opensea.io/assets/ethereum/0xc36cf0cfcb5d905b8b513860db0cfe63f6cf9f5c/158231300618236385510469192455772218327040
Alfa Fountain Majestic,1.560000000000000000,75,https://opensea.io/assets/ethereum/0xc36cf0cfcb5d905b8b513860db0cfe63f6cf9f5c/11569600475311907757754736652680119189504
Saltybot,1.570000000000000000,75,https://opensea.io/assets/ethereum/0xc36cf0cfcb5d905b8b513860db0cfe63f6cf9f5c/86091438830997431256233775680237357498368
Rare Solar Panel,1.589833,100,https://opensea.io/assets/ethereum/0xc36cf0cfcb5d905b8b513860db0cfe63f6cf9f5c/158231300618236385510469192455772218327040
Alfa Fountain Majestic,1.580000000000000000,75,https://opensea.io/assets/ethereum/0xc36cf0cfcb5d905b8b513860db0cfe63f6cf9f5c/11569600475311907757754736652680119189504
Saltybot,1.576381,75,https://opensea.io/assets/ethereum/0xc36cf0cfcb5d905b8b513860db0cfe63f6cf9f5c/86091438830997431256233775680237357498368
Haunted Porch,1.590000000000000000,79,https://opensea.io/assets/ethereum/0xc36cf0cfcb5d905b8b513860db0cfe63f6cf9f5c/175245418964283308683637922827360628899840
Haunted Main Tower,1.599000000000000000,140,https://opensea.io/assets/ethereum/0xc36cf0cfcb5d905b8b513860db0cfe63f6cf9f5c/175585701331204247147101297434792397111296
Rare Solar Panel,1.600000000000000000,100,https://opensea.io/assets/ethereum/0xc36cf0cfcb5d905b8b513860db0cfe63f6cf9f5c/158231300618236385510469192455772218327040
Alfa Fountain Majestic,1.6604,75,https://opensea.io/assets/ethereum/0xc36cf0cfcb5d905b8b513860db0cfe63f6cf9f5c/11569600475311907757754736652680119189504
OKEx Barter Station,1.6604,91,https://opensea.io/assets/ethereum/0xc36cf0cfcb5d905b8b513860db0cfe63f6cf9f5c/187155301806516154904856034087472516300800
Haunted Main Tower,1.649000000000000000,140,https://opensea.io/assets/ethereum/0xc36cf0cfcb5d905b8b513860db0cfe63f6cf9f5c/175585701331204247147101297434792397111296
Legendary Water Tower,1.650000000000000000,72,https://opensea.io/assets/ethereum/0xc36cf0cfcb5d905b8b513860db0cfe63f6cf9f5c/106508380846253739064036252126143450185728
Haunted Main Tower,1.650000000000000000,140,https://opensea.io/assets/ethereum/0xc36cf0cfcb5d905b8b513860db0cfe63f6cf9f5c/175585701331204247147101297434792397111296
Legendary Water Tower,1.700000000000000000,72,https://opensea.io/assets/ethereum/0xc36cf0cfcb5d905b8b513860db0cfe63f6cf9f5c/106508380846253739064036252126143450185728
Rare Solar Panel,1.700000000000000000,100,https://opensea.io/assets/ethereum/0xc36cf0cfcb5d905b8b513860db0cfe63f6cf9f5c/158231300618236385510469192455772218327040
Alfa Fountain Majestic,1.780000000000000000,75,https://opensea.io/assets/ethereum/0xc36cf0cfcb5d905b8b513860db0cfe63f6cf9f5c/11569600475311907757754736652680119189504
Legendary Water Tower,1.790000000000000000,72,https://opensea.io/assets/ethereum/0xc36cf0cfcb5d905b8b513860db0cfe63f6cf9f5c/106508380846253739064036252126143450185728
Legendary Water Tower,1.800000000000000000,72,https://opensea.io/assets/ethereum/0xc36cf0cfcb5d905b8b513860db0cfe63f6cf9f5c/106508380846253739064036252126143450185728
Haunted Main Tower,1.840000000000000000,140,https://opensea.io/assets/ethereum/0xc36cf0cfcb5d905b8b513860db0cfe63f6cf9f5c/175585701331204247147101297434792397111296
Haunted Main Tower,1.849000000000000000,140,https://opensea.io/assets/ethereum/0xc36cf0cfcb5d905b8b513860db0cfe63f6cf9f5c/175585701331204247147101297434792397111296
Haunted Main Tower,1.849000000000000000,140,https://opensea.io/assets/ethereum/0xc36cf0cfcb5d905b8b513860db0cfe63f6cf9f5c/175585701331204247147101297434792397111296
Haunted Main Tower,1.850000000000000000,140,https://opensea.io/assets/ethereum/0xc36cf0cfcb5d905b8b513860db0cfe63f6cf9f5c/175585701331204247147101297434792397111296
Legendary Water Tower,1.890000000000000000,72,https://opensea.io/assets/ethereum/0xc36cf0cfcb5d905b8b513860db0cfe63f6cf9f5c/106508380846253739064036252126143450185728
Into the Galaverse 2021,1.971725,202.1,https://opensea.io/assets/ethereum/0xc36cf0cfcb5d905b8b513860db0cfe63f6cf9f5c/203148573051800262687634640636765622239232
Rare Tesla Coil,1.99248,140,https://opensea.io/assets/ethereum/0xc36cf0cfcb5d905b8b513860db0cfe63f6cf9f5c/176606548431967062537491421257087701745664
Into the Galaverse 2021,1.975000000000000000,202.1,https://opensea.io/assets/ethereum/0xc36cf0cfcb5d905b8b513860db0cfe63f6cf9f5c/203148573051800262687634640636765622239232
Into the Galaverse 2021,1.975000000000000000,202.1,https://opensea.io/assets/ethereum/0xc36cf0cfcb5d905b8b513860db0cfe63f6cf9f5c/203148573051800262687634640636765622239232
Into the Galaverse 2021,1.979997560000000000,202.1,https://opensea.io/assets/ethereum/0xc36cf0cfcb5d905b8b513860db0cfe63f6cf9f5c/203148573051800262687634640636765622239232
Alfa Fountain Majestic,1.990000000000000000,75,https://opensea.io/assets/ethereum/0xc36cf0cfcb5d905b8b513860db0cfe63f6cf9f5c/11569600475311907757754736652680119189504
Rare Bitrue Wheat,2.000000000000000000,70,https://opensea.io/assets/ethereum/0xc36cf0cfcb5d905b8b513860db0cfe63f6cf9f5c/33007389591331030955947336920881516511232
CraneBot,2.000000000000000000,100,https://opensea.io/assets/ethereum/0xc36cf0cfcb5d905b8b513860db0cfe63f6cf9f5c/32326824857489154029020587706017980088320
Rare Solar Panel,2.000000000000000000,100,https://opensea.io/assets/ethereum/0xc36cf0cfcb5d905b8b513860db0cfe63f6cf9f5c/158231300618236385510469192455772218327040
Rare Tesla Coil,2.000000000000000000,140,https://opensea.io/assets/ethereum/0xc36cf0cfcb5d905b8b513860db0cfe63f6cf9f5c/176606548431967062537491421257087701745664
Legendary Water Tower,2.190000000000000000,72,https://opensea.io/assets/ethereum/0xc36cf0cfcb5d905b8b513860db0cfe63f6cf9f5c/106508380846253739064036252126143450185728
Legendary Water Tower,2.200000000000000000,72,https://opensea.io/assets/ethereum/0xc36cf0cfcb5d905b8b513860db0cfe63f6cf9f5c/106508380846253739064036252126143450185728
Into the Galaverse 2021,2.200000000000000000,202.1,https://opensea.io/assets/ethereum/0xc36cf0cfcb5d905b8b513860db0cfe63f6cf9f5c/203148573051800262687634640636765622239232
Rare Tesla Coil,2.250000000000000000,140,https://opensea.io/assets/ethereum/0xc36cf0cfcb5d905b8b513860db0cfe63f6cf9f5c/176606548431967062537491421257087701745664
Epic Bitrue Wheat,2.300000000000000000,120,https://opensea.io/assets/ethereum/0xc36cf0cfcb5d905b8b513860db0cfe63f6cf9f5c/33347671958251969419410711528313284722688
Rare Tesla Coil,2.390000000000000000,140,https://opensea.io/assets/ethereum/0xc36cf0cfcb5d905b8b513860db0cfe63f6cf9f5c/176606548431967062537491421257087701745664
Haunted West Wing,2.490000000000000000,60,https://opensea.io/assets/ethereum/0xc36cf0cfcb5d905b8b513860db0cfe63f6cf9f5c/174905136597362370220174548219928860688384
Haunted West Wing,2.490000000000000000,60,https://opensea.io/assets/ethereum/0xc36cf0cfcb5d905b8b513860db0cfe63f6cf9f5c/174905136597362370220174548219928860688384
Epic Bitrue Wheat,2.500000000000000000,120,https://opensea.io/assets/ethereum/0xc36cf0cfcb5d905b8b513860db0cfe63f6cf9f5c/33347671958251969419410711528313284722688
Haunted West Wing,2.500000000000000000,60,https://opensea.io/assets/ethereum/0xc36cf0cfcb5d905b8b513860db0cfe63f6cf9f5c/174905136597362370220174548219928860688384
Haunted West Wing,2.500000000000000000,60,https://opensea.io/assets/ethereum/0xc36cf0cfcb5d905b8b513860db0cfe63f6cf9f5c/174905136597362370220174548219928860688384
Alfa Fountain Majestic,2.550000000000000000,75,https://opensea.io/assets/ethereum/0xc36cf0cfcb5d905b8b513860db0cfe63f6cf9f5c/11569600475311907757754736652680119189504
Tesla Coil,2.800000000000000000,60,https://opensea.io/assets/ethereum/0xc36cf0cfcb5d905b8b513860db0cfe63f6cf9f5c/176266266065046124074028046649655933534208
Legendary Water Tower,2.900000000000000000,72,https://opensea.io/assets/ethereum/0xc36cf0cfcb5d905b8b513860db0cfe63f6cf9f5c/106508380846253739064036252126143450185728
Haunted Porch,3.000000000000000000,79,https://opensea.io/assets/ethereum/0xc36cf0cfcb5d905b8b513860db0cfe63f6cf9f5c/175245418964283308683637922827360628899840
OKEx Barter Station,3.100000000000000000,91,https://opensea.io/assets/ethereum/0xc36cf0cfcb5d905b8b513860db0cfe63f6cf9f5c/187155301806516154904856034087472516300800
Epic Bitrue Wheat,3.150000000000000000,120,https://opensea.io/assets/ethereum/0xc36cf0cfcb5d905b8b513860db0cfe63f6cf9f5c/33347671958251969419410711528313284722688
Into the Galaverse 2021,3.200000000000000000,202.1,https://opensea.io/assets/ethereum/0xc36cf0cfcb5d905b8b513860db0cfe63f6cf9f5c/203148573051800262687634640636765622239232
OKEx Barter Station,3.200000000000000000,91,https://opensea.io/assets/ethereum/0xc36cf0cfcb5d905b8b513860db0cfe63f6cf9f5c/187155301806516154904856034087472516300800
OKEx Barter Station,3.300000000000000000,91,https://opensea.io/assets/ethereum/0xc36cf0cfcb5d905b8b513860db0cfe63f6cf9f5c/187155301806516154904856034087472516300800
Into the Galaverse 2021,3.300000000000000000,202.1,https://opensea.io/assets/ethereum/0xc36cf0cfcb5d905b8b513860db0cfe63f6cf9f5c/203148573051800262687634640636765622239232
Rare Tesla Coil,3.300000000000000000,140,https://opensea.io/assets/ethereum/0xc36cf0cfcb5d905b8b513860db0cfe63f6cf9f5c/176606548431967062537491421257087701745664
OKEx Barter Station,3.390000000000000000,91,https://opensea.io/assets/ethereum/0xc36cf0cfcb5d905b8b513860db0cfe63f6cf9f5c/187155301806516154904856034087472516300800
Haunted Main Tower,3.400000000000000000,140,https://opensea.io/assets/ethereum/0xc36cf0cfcb5d905b8b513860db0cfe63f6cf9f5c/175585701331204247147101297434792397111296
Haunted Main Tower,3.490000000000000000,140,https://opensea.io/assets/ethereum/0xc36cf0cfcb5d905b8b513860db0cfe63f6cf9f5c/175585701331204247147101297434792397111296
Into the Galaverse 2021,3.690000000000000000,202.1,https://opensea.io/assets/ethereum/0xc36cf0cfcb5d905b8b513860db0cfe63f6cf9f5c/203148573051800262687634640636765622239232
Rare Tesla Coil,4.000000000000000000,140,https://opensea.io/assets/ethereum/0xc36cf0cfcb5d905b8b513860db0cfe63f6cf9f5c/176606548431967062537491421257087701745664
Rare Tesla Coil,4.440000000000000000,140,https://opensea.io/assets/ethereum/0xc36cf0cfcb5d905b8b513860db0cfe63f6cf9f5c/176606548431967062537491421257087701745664
Alfa Fountain Majestic,4.440000000000000000,75,https://opensea.io/assets/ethereum/0xc36cf0cfcb5d905b8b513860db0cfe63f6cf9f5c/11569600475311907757754736652680119189504
Rare Tesla Coil,4.450000000000000000,140,https://opensea.io/assets/ethereum/0xc36cf0cfcb5d905b8b513860db0cfe63f6cf9f5c/176606548431967062537491421257087701745664
ElfBot Season 1,4.900000000000000000,200,https://opensea.io/assets/ethereum/0xc36cf0cfcb5d905b8b513860db0cfe63f6cf9f5c/51042355038140769519506191114765231718400
Rare Tesla Coil,5.000000000000000000,140,https://opensea.io/assets/ethereum/0xc36cf0cfcb5d905b8b513860db0cfe63f6cf9f5c/176606548431967062537491421257087701745664
CraneBot,5.000000000000000000,100,https://opensea.io/assets/ethereum/0xc36cf0cfcb5d905b8b513860db0cfe63f6cf9f5c/32326824857489154029020587706017980088320
CraneBot,5.061570000000000000,100,https://opensea.io/assets/ethereum/0xc36cf0cfcb5d905b8b513860db0cfe63f6cf9f5c/32326824857489154029020587706017980088320
ElfBot Season 1,5.300000000000000000,200,https://opensea.io/assets/ethereum/0xc36cf0cfcb5d905b8b513860db0cfe63f6cf9f5c/51042355038140769519506191114765231718400
Alfa Fountain Majestic,5.550000000000000000,75,https://opensea.io/assets/ethereum/0xc36cf0cfcb5d905b8b513860db0cfe63f6cf9f5c/11569600475311907757754736652680119189504
Epic Bitrue Wheat,5.8114,120,https://opensea.io/assets/ethereum/0xc36cf0cfcb5d905b8b513860db0cfe63f6cf9f5c/33347671958251969419410711528313284722688
CraneBot,6.000000000000000000,100,https://opensea.io/assets/ethereum/0xc36cf0cfcb5d905b8b513860db0cfe63f6cf9f5c/32326824857489154029020587706017980088320
OKEx Barter Station,6.2265,91,https://opensea.io/assets/ethereum/0xc36cf0cfcb5d905b8b513860db0cfe63f6cf9f5c/187155301806516154904856034087472516300800
Legendary Lolli and Pop Shop,6.500000000000000000,350,https://opensea.io/assets/ethereum/0xc36cf0cfcb5d905b8b513860db0cfe63f6cf9f5c/228669750570870647447387736194148238098432
Rare Tesla Coil,7.000000000000000000,140,https://opensea.io/assets/ethereum/0xc36cf0cfcb5d905b8b513860db0cfe63f6cf9f5c/176606548431967062537491421257087701745664
Rare Tesla Coil,8.000000000000000000,140,https://opensea.io/assets/ethereum/0xc36cf0cfcb5d905b8b513860db0cfe63f6cf9f5c/176606548431967062537491421257087701745664
Into the Galaverse 2021,8.500000000000000000,202.1,https://opensea.io/assets/ethereum/0xc36cf0cfcb5d905b8b513860db0cfe63f6cf9f5c/203148573051800262687634640636765622239232
Legendary Lolli and Pop Shop,9.000000000000000000,350,https://opensea.io/assets/ethereum/0xc36cf0cfcb5d905b8b513860db0cfe63f6cf9f5c/228669750570870647447387736194148238098432
Rare Tesla Coil,10.000000000000000000,140,https://opensea.io/assets/ethereum/0xc36cf0cfcb5d905b8b513860db0cfe63f6cf9f5c/176606548431967062537491421257087701745664
Into the Galaverse 2021,10.000000000000000000,202.1,https://opensea.io/assets/ethereum/0xc36cf0cfcb5d905b8b513860db0cfe63f6cf9f5c/203148573051800262687634640636765622239232
Into the Galaverse 2021,11.000000000000000000,202.1,https://opensea.io/assets/ethereum/0xc36cf0cfcb5d905b8b513860db0cfe63f6cf9f5c/203148573051800262687634640636765622239232
Legendary Lolli and Pop Shop,11.000000000000000000,350,https://opensea.io/assets/ethereum/0xc36cf0cfcb5d905b8b513860db0cfe63f6cf9f5c/228669750570870647447387736194148238098432
Alfa Fountain Majestic,11.110000000000000000,75,https://opensea.io/assets/ethereum/0xc36cf0cfcb5d905b8b513860db0cfe63f6cf9f5c/11569600475311907757754736652680119189504
Legendary Solar Panel,16.490000000000000000,666,https://opensea.io/assets/ethereum/0xc36cf0cfcb5d905b8b513860db0cfe63f6cf9f5c/158571582985157323973932567063203986538496
Legendary Solar Panel,16.500000000000000000,666,https://opensea.io/assets/ethereum/0xc36cf0cfcb5d905b8b513860db0cfe63f6cf9f5c/158571582985157323973932567063203986538496
Legendary Lolli and Pop Shop,17.300000000000000000,350,https://opensea.io/assets/ethereum/0xc36cf0cfcb5d905b8b513860db0cfe63f6cf9f5c/228669750570870647447387736194148238098432
Legendary Lolli and Pop Shop,17.500000000000000000,350,https://opensea.io/assets/ethereum/0xc36cf0cfcb5d905b8b513860db0cfe63f6cf9f5c/228669750570870647447387736194148238098432
Legendary Lolli and Pop Shop,18.000000000000000000,350,https://opensea.io/assets/ethereum/0xc36cf0cfcb5d905b8b513860db0cfe63f6cf9f5c/228669750570870647447387736194148238098432
Legendary Solar Panel,18.950000000000000000,666,https://opensea.io/assets/ethereum/0xc36cf0cfcb5d905b8b513860db0cfe63f6cf9f5c/158571582985157323973932567063203986538496
Legendary Tesla Coil,20.520000000000000000,1155,https://opensea.io/assets/ethereum/0xc36cf0cfcb5d905b8b513860db0cfe63f6cf9f5c/176946830798888001000954795864519469957120
Legendary Tesla Coil,35.000000000000000000,1155,https://opensea.io/assets/ethereum/0xc36cf0cfcb5d905b8b513860db0cfe63f6cf9f5c/176946830798888001000954795864519469957120
Epic Simplex Sugarcane,40.000000000000000000,120,https://opensea.io/assets/ethereum/0xc36cf0cfcb5d905b8b513860db0cfe63f6cf9f5c/44917272433563877177165448180993403912192
Ancient Bitrue Wheat,100.000000000000000000,3075,https://opensea.io/assets/ethereum/0xc36cf0cfcb5d905b8b513860db0cfe63f6cf9f5c/34028236692093846346337460743176821145600
Rare Grape Storage,0.423402,14,https://opensea.io/assets/ethereum/0xc36cf0cfcb5d905b8b513860db0cfe63f6cf9f5c/100723580608597785185158883799803390590976
Rare Grape Storage,0.14316799,14,https://opensea.io/assets/ethereum/0xc36cf0cfcb5d905b8b513860db0cfe63f6cf9f5c/100723580608597785185158883799803390590976
Rare Grape Storage,0.14316799,14,https://opensea.io/assets/ethereum/0xc36cf0cfcb5d905b8b513860db0cfe63f6cf9f5c/100723580608597785185158883799803390590976
Rare Grape Storage,0.1432095,14,https://opensea.io/assets/ethereum/0xc36cf0cfcb5d905b8b513860db0cfe63f6cf9f5c/100723580608597785185158883799803390590976
Rare Grape Storage,0.14524349,14,https://opensea.io/assets/ethereum/0xc36cf0cfcb5d905b8b513860db0cfe63f6cf9f5c/100723580608597785185158883799803390590976
Rare Grape Storage,0.145285,14,https://opensea.io/assets/ethereum/0xc36cf0cfcb5d905b8b513860db0cfe63f6cf9f5c/100723580608597785185158883799803390590976
Epic Basketball Court,0.145285,13,https://opensea.io/assets/ethereum/0xc36cf0cfcb5d905b8b513860db0cfe63f6cf9f5c/229690597671633462837777860016443542732800
Rare Grape Storage,.159890000000000000,14,https://opensea.io/assets/ethereum/0xc36cf0cfcb5d905b8b513860db0cfe63f6cf9f5c/100723580608597785185158883799803390590976
Rare Grape Storage,.159900000000000000,14,https://opensea.io/assets/ethereum/0xc36cf0cfcb5d905b8b513860db0cfe63f6cf9f5c/100723580608597785185158883799803390590976
Haunted Graveyard,0.16184749,14,https://opensea.io/assets/ethereum/0xc36cf0cfcb5d905b8b513860db0cfe63f6cf9f5c/173884289496599554829784424397633556054016
Haunted Graveyard,0.161889,14,https://opensea.io/assets/ethereum/0xc36cf0cfcb5d905b8b513860db0cfe63f6cf9f5c/173884289496599554829784424397633556054016
Haunted Graveyard,0.16604,14,https://opensea.io/assets/ethereum/0xc36cf0cfcb5d905b8b513860db0cfe63f6cf9f5c/173884289496599554829784424397633556054016
Epic Basketball Court,0.33208,13,https://opensea.io/assets/ethereum/0xc36cf0cfcb5d905b8b513860db0cfe63f6cf9f5c/229690597671633462837777860016443542732800
Rare Grape Storage,0.16604,14,https://opensea.io/assets/ethereum/0xc36cf0cfcb5d905b8b513860db0cfe63f6cf9f5c/100723580608597785185158883799803390590976
Rare Sugarcane Storage,0.170191,14,https://opensea.io/assets/ethereum/0xc36cf0cfcb5d905b8b513860db0cfe63f6cf9f5c/102084710076281539039012382229530463436800
Haunted Graveyard,0.170191,14,https://opensea.io/assets/ethereum/0xc36cf0cfcb5d905b8b513860db0cfe63f6cf9f5c/173884289496599554829784424397633556054016
Haunted Graveyard,0.17437064189999998,14,https://opensea.io/assets/ethereum/0xc36cf0cfcb5d905b8b513860db0cfe63f6cf9f5c/173884289496599554829784424397633556054016
Haunted Graveyard,.175000000000000000,14,https://opensea.io/assets/ethereum/0xc36cf0cfcb5d905b8b513860db0cfe63f6cf9f5c/173884289496599554829784424397633556054016
Haunted Graveyard,.180000000000000000,14,https://opensea.io/assets/ethereum/0xc36cf0cfcb5d905b8b513860db0cfe63f6cf9f5c/173884289496599554829784424397633556054016
Rare Sugarcane Storage,.185000000000000000,14,https://opensea.io/assets/ethereum/0xc36cf0cfcb5d905b8b513860db0cfe63f6cf9f5c/102084710076281539039012382229530463436800
Epic Grape Storage,.187700000000000000,18,https://opensea.io/assets/ethereum/0xc36cf0cfcb5d905b8b513860db0cfe63f6cf9f5c/101063862975518723648622258407235158802432
Epic Grape Storage,.187800000000000000,18,https://opensea.io/assets/ethereum/0xc36cf0cfcb5d905b8b513860db0cfe63f6cf9f5c/101063862975518723648622258407235158802432
Epic Grape Storage,.188000000000000000,18,https://opensea.io/assets/ethereum/0xc36cf0cfcb5d905b8b513860db0cfe63f6cf9f5c/101063862975518723648622258407235158802432
Epic Grape Storage,0.19090449,18,https://opensea.io/assets/ethereum/0xc36cf0cfcb5d905b8b513860db0cfe63f6cf9f5c/101063862975518723648622258407235158802432
Epic Grape Storage,0.190946,18,https://opensea.io/assets/ethereum/0xc36cf0cfcb5d905b8b513860db0cfe63f6cf9f5c/101063862975518723648622258407235158802432
Rare Brine Storage,.190000000000000000,14,https://opensea.io/assets/ethereum/0xc36cf0cfcb5d905b8b513860db0cfe63f6cf9f5c/99362451140914031331305385370076317745152
Rare Sugarcane Storage,.195000000000000000,14,https://opensea.io/assets/ethereum/0xc36cf0cfcb5d905b8b513860db0cfe63f6cf9f5c/102084710076281539039012382229530463436800
Rare Brine Storage,.196000000000000000,14,https://opensea.io/assets/ethereum/0xc36cf0cfcb5d905b8b513860db0cfe63f6cf9f5c/99362451140914031331305385370076317745152
Rare Brine Storage,0.19829327,14,https://opensea.io/assets/ethereum/0xc36cf0cfcb5d905b8b513860db0cfe63f6cf9f5c/99362451140914031331305385370076317745152
Epic Basketball Court,.200000000000000000,13,https://opensea.io/assets/ethereum/0xc36cf0cfcb5d905b8b513860db0cfe63f6cf9f5c/229690597671633462837777860016443542732800
Epic Grape Storage,.200000000000000000,18,https://opensea.io/assets/ethereum/0xc36cf0cfcb5d905b8b513860db0cfe63f6cf9f5c/101063862975518723648622258407235158802432
Rare Sugarcane Storage,.200000000000000000,14,https://opensea.io/assets/ethereum/0xc36cf0cfcb5d905b8b513860db0cfe63f6cf9f5c/102084710076281539039012382229530463436800
Haunted Crypt,.203200000000000000,14,https://opensea.io/assets/ethereum/0xc36cf0cfcb5d905b8b513860db0cfe63f6cf9f5c/174224571863520493293247799005065324265472
Haunted Graveyard,0.20755,14,https://opensea.io/assets/ethereum/0xc36cf0cfcb5d905b8b513860db0cfe63f6cf9f5c/173884289496599554829784424397633556054016
Haunted Crypt,0.20755,14,https://opensea.io/assets/ethereum/0xc36cf0cfcb5d905b8b513860db0cfe63f6cf9f5c/174224571863520493293247799005065324265472
Haunted Crypt,0.21066325,14,https://opensea.io/assets/ethereum/0xc36cf0cfcb5d905b8b513860db0cfe63f6cf9f5c/174224571863520493293247799005065324265472
Haunted Crypt,0.2125312,14,https://opensea.io/assets/ethereum/0xc36cf0cfcb5d905b8b513860db0cfe63f6cf9f5c/174224571863520493293247799005065324265472
Haunted Crypt,0.21481425,14,https://opensea.io/assets/ethereum/0xc36cf0cfcb5d905b8b513860db0cfe63f6cf9f5c/174224571863520493293247799005065324265472
Haunted Crypt,.217000000000000000,14,https://opensea.io/assets/ethereum/0xc36cf0cfcb5d905b8b513860db0cfe63f6cf9f5c/174224571863520493293247799005065324265472
Haunted Crypt,.221000000000000000,14,https://opensea.io/assets/ethereum/0xc36cf0cfcb5d905b8b513860db0cfe63f6cf9f5c/174224571863520493293247799005065324265472
Haunted Graveyard,0.2237389,14,https://opensea.io/assets/ethereum/0xc36cf0cfcb5d905b8b513860db0cfe63f6cf9f5c/173884289496599554829784424397633556054016
Haunted Crypt,.222000000000000000,14,https://opensea.io/assets/ethereum/0xc36cf0cfcb5d905b8b513860db0cfe63f6cf9f5c/174224571863520493293247799005065324265472
Haunted Graveyard,0.224154,14,https://opensea.io/assets/ethereum/0xc36cf0cfcb5d905b8b513860db0cfe63f6cf9f5c/173884289496599554829784424397633556054016
Rare Sugarcane Storage,.230000000000000000,14,https://opensea.io/assets/ethereum/0xc36cf0cfcb5d905b8b513860db0cfe63f6cf9f5c/102084710076281539039012382229530463436800
Haunted Crypt,.230000000000000000,14,https://opensea.io/assets/ethereum/0xc36cf0cfcb5d905b8b513860db0cfe63f6cf9f5c/174224571863520493293247799005065324265472
Haunted Crypt,.239000000000000000,14,https://opensea.io/assets/ethereum/0xc36cf0cfcb5d905b8b513860db0cfe63f6cf9f5c/174224571863520493293247799005065324265472
Rare Sugarcane Storage,.480000000000000000,14,https://opensea.io/assets/ethereum/0xc36cf0cfcb5d905b8b513860db0cfe63f6cf9f5c/102084710076281539039012382229530463436800
Epic Wheat Storage,.240000000000000000,18,https://opensea.io/assets/ethereum/0xc36cf0cfcb5d905b8b513860db0cfe63f6cf9f5c/103786121910886231356329255266689304494080
Rare Water Tower,0.24906,2,https://opensea.io/assets/ethereum/0xc36cf0cfcb5d905b8b513860db0cfe63f6cf9f5c/105827816112411862137109502911279913762816
Haunted Graveyard,.249000000000000000,14,https://opensea.io/assets/ethereum/0xc36cf0cfcb5d905b8b513860db0cfe63f6cf9f5c/173884289496599554829784424397633556054016
Haunted Crypt,.249000000000000000,14,https://opensea.io/assets/ethereum/0xc36cf0cfcb5d905b8b513860db0cfe63f6cf9f5c/174224571863520493293247799005065324265472
Haunted Graveyard,.250000000000000000,14,https://opensea.io/assets/ethereum/0xc36cf0cfcb5d905b8b513860db0cfe63f6cf9f5c/173884289496599554829784424397633556054016
Epic Wheat Storage,.250000000000000000,18,https://opensea.io/assets/ethereum/0xc36cf0cfcb5d905b8b513860db0cfe63f6cf9f5c/103786121910886231356329255266689304494080
Epic Wheat Storage,.250000000000000000,18,https://opensea.io/assets/ethereum/0xc36cf0cfcb5d905b8b513860db0cfe63f6cf9f5c/103786121910886231356329255266689304494080
Rare Water Tower,0.2594375,2,https://opensea.io/assets/ethereum/0xc36cf0cfcb5d905b8b513860db0cfe63f6cf9f5c/105827816112411862137109502911279913762816
Haunted Crypt,.267000000000000000,14,https://opensea.io/assets/ethereum/0xc36cf0cfcb5d905b8b513860db0cfe63f6cf9f5c/174224571863520493293247799005065324265472
Haunted Crypt,.267777790000000000,14,https://opensea.io/assets/ethereum/0xc36cf0cfcb5d905b8b513860db0cfe63f6cf9f5c/174224571863520493293247799005065324265472
Rare Sugarcane Storage,.270000000000000000,14,https://opensea.io/assets/ethereum/0xc36cf0cfcb5d905b8b513860db0cfe63f6cf9f5c/102084710076281539039012382229530463436800
Rare Grape Storage,0.29057,14,https://opensea.io/assets/ethereum/0xc36cf0cfcb5d905b8b513860db0cfe63f6cf9f5c/100723580608597785185158883799803390590976
Solar Panel,.289900000000000000,16,https://opensea.io/assets/ethereum/0xc36cf0cfcb5d905b8b513860db0cfe63f6cf9f5c/157891018251315447047005817848340450115584
Epic Wheat Storage,.290000000000000000,18,https://opensea.io/assets/ethereum/0xc36cf0cfcb5d905b8b513860db0cfe63f6cf9f5c/103786121910886231356329255266689304494080
Epic Wheat Storage,.290000000000000000,18,https://opensea.io/assets/ethereum/0xc36cf0cfcb5d905b8b513860db0cfe63f6cf9f5c/103786121910886231356329255266689304494080
Solar Panel,.290000000000000000,16,https://opensea.io/assets/ethereum/0xc36cf0cfcb5d905b8b513860db0cfe63f6cf9f5c/157891018251315447047005817848340450115584
Solar Panel,0.294721,16,https://opensea.io/assets/ethereum/0xc36cf0cfcb5d905b8b513860db0cfe63f6cf9f5c/157891018251315447047005817848340450115584
Epic Grape Storage,.295000000000000000,18,https://opensea.io/assets/ethereum/0xc36cf0cfcb5d905b8b513860db0cfe63f6cf9f5c/101063862975518723648622258407235158802432
Solar Panel,.295000000000000000,16,https://opensea.io/assets/ethereum/0xc36cf0cfcb5d905b8b513860db0cfe63f6cf9f5c/157891018251315447047005817848340450115584
Solar Panel,0.298872,16,https://opensea.io/assets/ethereum/0xc36cf0cfcb5d905b8b513860db0cfe63f6cf9f5c/157891018251315447047005817848340450115584
Epic Wheat Storage,.300000000000000000,18,https://opensea.io/assets/ethereum/0xc36cf0cfcb5d905b8b513860db0cfe63f6cf9f5c/103786121910886231356329255266689304494080
Rare Water Tower,.300000000000000000,2,https://opensea.io/assets/ethereum/0xc36cf0cfcb5d905b8b513860db0cfe63f6cf9f5c/105827816112411862137109502911279913762816
Rare Water Tower,.300000000000000000,2,https://opensea.io/assets/ethereum/0xc36cf0cfcb5d905b8b513860db0cfe63f6cf9f5c/105827816112411862137109502911279913762816
Solar Panel,.300000000000000000,16,https://opensea.io/assets/ethereum/0xc36cf0cfcb5d905b8b513860db0cfe63f6cf9f5c/157891018251315447047005817848340450115584
Epic Wheat Storage,.310000000000000000,18,https://opensea.io/assets/ethereum/0xc36cf0cfcb5d905b8b513860db0cfe63f6cf9f5c/103786121910886231356329255266689304494080
Solar Panel,.320000000000000000,16,https://opensea.io/assets/ethereum/0xc36cf0cfcb5d905b8b513860db0cfe63f6cf9f5c/157891018251315447047005817848340450115584
Solar Panel,.330000000000000000,16,https://opensea.io/assets/ethereum/0xc36cf0cfcb5d905b8b513860db0cfe63f6cf9f5c/157891018251315447047005817848340450115584
Rare Water Tower,.340000000000000000,2,https://opensea.io/assets/ethereum/0xc36cf0cfcb5d905b8b513860db0cfe63f6cf9f5c/105827816112411862137109502911279913762816
Solar Panel,.340000000000000000,16,https://opensea.io/assets/ethereum/0xc36cf0cfcb5d905b8b513860db0cfe63f6cf9f5c/157891018251315447047005817848340450115584
Epic Wheat Storage,.350000000000000000,18,https://opensea.io/assets/ethereum/0xc36cf0cfcb5d905b8b513860db0cfe63f6cf9f5c/103786121910886231356329255266689304494080
Solar Panel,.700000000000000000,16,https://opensea.io/assets/ethereum/0xc36cf0cfcb5d905b8b513860db0cfe63f6cf9f5c/157891018251315447047005817848340450115584
Solar Panel,.350000000000000000,16,https://opensea.io/assets/ethereum/0xc36cf0cfcb5d905b8b513860db0cfe63f6cf9f5c/157891018251315447047005817848340450115584
Solar Panel,.720000000000000000,16,https://opensea.io/assets/ethereum/0xc36cf0cfcb5d905b8b513860db0cfe63f6cf9f5c/157891018251315447047005817848340450115584
Lolli and Pop Shop,.720000000000000000,25,https://opensea.io/assets/ethereum/0xc36cf0cfcb5d905b8b513860db0cfe63f6cf9f5c/227989185837028770520460986979284701675520
Lolli and Pop Shop,.370000000000000000,25,https://opensea.io/assets/ethereum/0xc36cf0cfcb5d905b8b513860db0cfe63f6cf9f5c/227989185837028770520460986979284701675520
Lolli and Pop Shop,.375000000000000000,25,https://opensea.io/assets/ethereum/0xc36cf0cfcb5d905b8b513860db0cfe63f6cf9f5c/227989185837028770520460986979284701675520
Solar Panel,.380000000000000000,16,https://opensea.io/assets/ethereum/0xc36cf0cfcb5d905b8b513860db0cfe63f6cf9f5c/157891018251315447047005817848340450115584
Wheat Stand,.390000000000000000,14,https://opensea.io/assets/ethereum/0xc36cf0cfcb5d905b8b513860db0cfe63f6cf9f5c/104466686644728108283256004481552840916992
Haunted Graveyard,.390000000000000000,14,https://opensea.io/assets/ethereum/0xc36cf0cfcb5d905b8b513860db0cfe63f6cf9f5c/173884289496599554829784424397633556054016
Wheat Stand,.400000000000000000,14,https://opensea.io/assets/ethereum/0xc36cf0cfcb5d905b8b513860db0cfe63f6cf9f5c/104466686644728108283256004481552840916992
Wheat Stand,.400000000000000000,14,https://opensea.io/assets/ethereum/0xc36cf0cfcb5d905b8b513860db0cfe63f6cf9f5c/104466686644728108283256004481552840916992
Alfa Fountain Good,.400000000000000000,35,https://opensea.io/assets/ethereum/0xc36cf0cfcb5d905b8b513860db0cfe63f6cf9f5c/10889035741470030830827987437816582766592
Wheat Stand,.400000000000000000,14,https://opensea.io/assets/ethereum/0xc36cf0cfcb5d905b8b513860db0cfe63f6cf9f5c/104466686644728108283256004481552840916992
Simplex Sugarcane,.400000000000000000,24,https://opensea.io/assets/ethereum/0xc36cf0cfcb5d905b8b513860db0cfe63f6cf9f5c/24500330418307569369362971735087311224832
Wheat Stand,0.406798,14,https://opensea.io/assets/ethereum/0xc36cf0cfcb5d905b8b513860db0cfe63f6cf9f5c/104466686644728108283256004481552840916992
Rare Water Tower,.405000000000000000,2,https://opensea.io/assets/ethereum/0xc36cf0cfcb5d905b8b513860db0cfe63f6cf9f5c/105827816112411862137109502911279913762816
Wheat Stand,0.410949,14,https://opensea.io/assets/ethereum/0xc36cf0cfcb5d905b8b513860db0cfe63f6cf9f5c/104466686644728108283256004481552840916992
Wheat Stand,.410000000000000000,14,https://opensea.io/assets/ethereum/0xc36cf0cfcb5d905b8b513860db0cfe63f6cf9f5c/104466686644728108283256004481552840916992
Rare Water Tower,.425000000000000000,2,https://opensea.io/assets/ethereum/0xc36cf0cfcb5d905b8b513860db0cfe63f6cf9f5c/105827816112411862137109502911279913762816
Legendary Basketball Court,.430000000000000000,20,https://opensea.io/assets/ethereum/0xc36cf0cfcb5d905b8b513860db0cfe63f6cf9f5c/230030880038554401301241234623875310944256
Haunted Graveyard,.439000000000000000,14,https://opensea.io/assets/ethereum/0xc36cf0cfcb5d905b8b513860db0cfe63f6cf9f5c/173884289496599554829784424397633556054016
Simplex Sugarcane,.440000000000000000,24,https://opensea.io/assets/ethereum/0xc36cf0cfcb5d905b8b513860db0cfe63f6cf9f5c/24500330418307569369362971735087311224832
Haunted Graveyard,.440000000000000000,14,https://opensea.io/assets/ethereum/0xc36cf0cfcb5d905b8b513860db0cfe63f6cf9f5c/173884289496599554829784424397633556054016
Bitrue Wheat,.447900000000000000,24,https://opensea.io/assets/ethereum/0xc36cf0cfcb5d905b8b513860db0cfe63f6cf9f5c/24840612785228507832826346342519079436288
Bitrue Wheat,.448000000000000000,24,https://opensea.io/assets/ethereum/0xc36cf0cfcb5d905b8b513860db0cfe63f6cf9f5c/24840612785228507832826346342519079436288
Bitrue Wheat,.449000000000000000,24,https://opensea.io/assets/ethereum/0xc36cf0cfcb5d905b8b513860db0cfe63f6cf9f5c/24840612785228507832826346342519079436288
Bitrue Wheat,.449000000000000000,24,https://opensea.io/assets/ethereum/0xc36cf0cfcb5d905b8b513860db0cfe63f6cf9f5c/24840612785228507832826346342519079436288
Haunted Graveyard,.450000000000000000,14,https://opensea.io/assets/ethereum/0xc36cf0cfcb5d905b8b513860db0cfe63f6cf9f5c/173884289496599554829784424397633556054016
Solar Panel,.450000000000000000,16,https://opensea.io/assets/ethereum/0xc36cf0cfcb5d905b8b513860db0cfe63f6cf9f5c/157891018251315447047005817848340450115584
Bitrue Wheat,.450000000000000000,24,https://opensea.io/assets/ethereum/0xc36cf0cfcb5d905b8b513860db0cfe63f6cf9f5c/24840612785228507832826346342519079436288
Bitrue Wheat,0.45661,24,https://opensea.io/assets/ethereum/0xc36cf0cfcb5d905b8b513860db0cfe63f6cf9f5c/24840612785228507832826346342519079436288
Bitrue Wheat,.465000000000000000,24,https://opensea.io/assets/ethereum/0xc36cf0cfcb5d905b8b513860db0cfe63f6cf9f5c/24840612785228507832826346342519079436288
Bitrue Wheat,.469000000000000000,24,https://opensea.io/assets/ethereum/0xc36cf0cfcb5d905b8b513860db0cfe63f6cf9f5c/24840612785228507832826346342519079436288
Alfa Fountain Good,.470000000000000000,35,https://opensea.io/assets/ethereum/0xc36cf0cfcb5d905b8b513860db0cfe63f6cf9f5c/10889035741470030830827987437816582766592
Epic Stylin Ride,.470000000000000000,16,https://opensea.io/assets/ethereum/0xc36cf0cfcb5d905b8b513860db0cfe63f6cf9f5c/240919915780024432132069222061691893710848
Epic Stylin Ride,.470000000000000000,16,https://opensea.io/assets/ethereum/0xc36cf0cfcb5d905b8b513860db0cfe63f6cf9f5c/240919915780024432132069222061691893710848
Bitrue Wheat,.475000000000000000,24,https://opensea.io/assets/ethereum/0xc36cf0cfcb5d905b8b513860db0cfe63f6cf9f5c/24840612785228507832826346342519079436288
Epic Stylin Ride,.475999999999990000,16,https://opensea.io/assets/ethereum/0xc36cf0cfcb5d905b8b513860db0cfe63f6cf9f5c/240919915780024432132069222061691893710848
Alfa Fountain Good,0.481516,35,https://opensea.io/assets/ethereum/0xc36cf0cfcb5d905b8b513860db0cfe63f6cf9f5c/10889035741470030830827987437816582766592
Lolli and Pop Shop,.480000000000000000,25,https://opensea.io/assets/ethereum/0xc36cf0cfcb5d905b8b513860db0cfe63f6cf9f5c/227989185837028770520460986979284701675520
Legendary Brine Storage,.480000000000000000,45,https://opensea.io/assets/ethereum/0xc36cf0cfcb5d905b8b513860db0cfe63f6cf9f5c/100043015874755908258232134584939854168064
Solar Panel,.480000000000000000,16,https://opensea.io/assets/ethereum/0xc36cf0cfcb5d905b8b513860db0cfe63f6cf9f5c/157891018251315447047005817848340450115584
Bitrue Wheat,.487500000000000000,24,https://opensea.io/assets/ethereum/0xc36cf0cfcb5d905b8b513860db0cfe63f6cf9f5c/24840612785228507832826346342519079436288
Bitrue Wheat,.490000000000000000,24,https://opensea.io/assets/ethereum/0xc36cf0cfcb5d905b8b513860db0cfe63f6cf9f5c/24840612785228507832826346342519079436288
Epic Stylin Ride,.490000000000000000,16,https://opensea.io/assets/ethereum/0xc36cf0cfcb5d905b8b513860db0cfe63f6cf9f5c/240919915780024432132069222061691893710848
Legendary Basketball Court,1.99231396,20,https://opensea.io/assets/ethereum/0xc36cf0cfcb5d905b8b513860db0cfe63f6cf9f5c/230030880038554401301241234623875310944256
Epic Stylin Ride,0.49812,16,https://opensea.io/assets/ethereum/0xc36cf0cfcb5d905b8b513860db0cfe63f6cf9f5c/240919915780024432132069222061691893710848
Wheat Stand,.500000000000000000,14,https://opensea.io/assets/ethereum/0xc36cf0cfcb5d905b8b513860db0cfe63f6cf9f5c/104466686644728108283256004481552840916992
Legendary Basketball Court,.500000000000000000,20,https://opensea.io/assets/ethereum/0xc36cf0cfcb5d905b8b513860db0cfe63f6cf9f5c/230030880038554401301241234623875310944256
Solar Panel,.500000000000000000,16,https://opensea.io/assets/ethereum/0xc36cf0cfcb5d905b8b513860db0cfe63f6cf9f5c/157891018251315447047005817848340450115584
Legendary Brine Storage,.500000000000000000,45,https://opensea.io/assets/ethereum/0xc36cf0cfcb5d905b8b513860db0cfe63f6cf9f5c/100043015874755908258232134584939854168064
Bitrue Wheat,.500000000000000000,24,https://opensea.io/assets/ethereum/0xc36cf0cfcb5d905b8b513860db0cfe63f6cf9f5c/24840612785228507832826346342519079436288
Simplex Sugarcane,.500000000000000000,24,https://opensea.io/assets/ethereum/0xc36cf0cfcb5d905b8b513860db0cfe63f6cf9f5c/24500330418307569369362971735087311224832
Epic Water Tower,.500000000000000000,18,https://opensea.io/assets/ethereum/0xc36cf0cfcb5d905b8b513860db0cfe63f6cf9f5c/106168098479332800600572877518711681974272
Bitrue Wheat,.518000000000000000,24,https://opensea.io/assets/ethereum/0xc36cf0cfcb5d905b8b513860db0cfe63f6cf9f5c/24840612785228507832826346342519079436288
Bitrue Wheat,.530000000000000000,24,https://opensea.io/assets/ethereum/0xc36cf0cfcb5d905b8b513860db0cfe63f6cf9f5c/24840612785228507832826346342519079436288
Legendary Basketball Court,0.53963,20,https://opensea.io/assets/ethereum/0xc36cf0cfcb5d905b8b513860db0cfe63f6cf9f5c/230030880038554401301241234623875310944256
Epic Stylin Ride,0.53963,16,https://opensea.io/assets/ethereum/0xc36cf0cfcb5d905b8b513860db0cfe63f6cf9f5c/240919915780024432132069222061691893710848
Epic Stylin Ride,.540000000000000000,16,https://opensea.io/assets/ethereum/0xc36cf0cfcb5d905b8b513860db0cfe63f6cf9f5c/240919915780024432132069222061691893710848
Legendary Brine Storage,.550000000000000000,45,https://opensea.io/assets/ethereum/0xc36cf0cfcb5d905b8b513860db0cfe63f6cf9f5c/100043015874755908258232134584939854168064
Legendary Brine Storage,.570000000000000000,45,https://opensea.io/assets/ethereum/0xc36cf0cfcb5d905b8b513860db0cfe63f6cf9f5c/100043015874755908258232134584939854168064
Epic Water Tower,0.58109849,18,https://opensea.io/assets/ethereum/0xc36cf0cfcb5d905b8b513860db0cfe63f6cf9f5c/106168098479332800600572877518711681974272
Rare Wheat Stand,.585000000000000000,17,https://opensea.io/assets/ethereum/0xc36cf0cfcb5d905b8b513860db0cfe63f6cf9f5c/104806969011649046746719379088984609128448
Rare Wheat Stand,.588000000000000000,17,https://opensea.io/assets/ethereum/0xc36cf0cfcb5d905b8b513860db0cfe63f6cf9f5c/104806969011649046746719379088984609128448
Rare Wheat Stand,.590000000000000000,17,https://opensea.io/assets/ethereum/0xc36cf0cfcb5d905b8b513860db0cfe63f6cf9f5c/104806969011649046746719379088984609128448
Epic Water Tower,.600000000000000000,18,https://opensea.io/assets/ethereum/0xc36cf0cfcb5d905b8b513860db0cfe63f6cf9f5c/106168098479332800600572877518711681974272
Rare Wheat Stand,.600000000000000000,17,https://opensea.io/assets/ethereum/0xc36cf0cfcb5d905b8b513860db0cfe63f6cf9f5c/104806969011649046746719379088984609128448
Epic Water Tower,0.61800088,18,https://opensea.io/assets/ethereum/0xc36cf0cfcb5d905b8b513860db0cfe63f6cf9f5c/106168098479332800600572877518711681974272
Epic Wheat Stand,0.618499,20,https://opensea.io/assets/ethereum/0xc36cf0cfcb5d905b8b513860db0cfe63f6cf9f5c/105147251378569985210182753696416377339904
Epic Wheat Stand,0.62265,20,https://opensea.io/assets/ethereum/0xc36cf0cfcb5d905b8b513860db0cfe63f6cf9f5c/105147251378569985210182753696416377339904
Epic Wheat Stand,0.643405,20,https://opensea.io/assets/ethereum/0xc36cf0cfcb5d905b8b513860db0cfe63f6cf9f5c/105147251378569985210182753696416377339904
Solar Panel,.649900000000000000,16,https://opensea.io/assets/ethereum/0xc36cf0cfcb5d905b8b513860db0cfe63f6cf9f5c/157891018251315447047005817848340450115584
Solar Panel,.650000000000000000,16,https://opensea.io/assets/ethereum/0xc36cf0cfcb5d905b8b513860db0cfe63f6cf9f5c/157891018251315447047005817848340450115584
Rare Wheat Stand,.650000000000000000,17,https://opensea.io/assets/ethereum/0xc36cf0cfcb5d905b8b513860db0cfe63f6cf9f5c/104806969011649046746719379088984609128448
Legendary Brine Storage,.650000000000000000,45,https://opensea.io/assets/ethereum/0xc36cf0cfcb5d905b8b513860db0cfe63f6cf9f5c/100043015874755908258232134584939854168064
Rare Wheat Stand,.660000000000000000,17,https://opensea.io/assets/ethereum/0xc36cf0cfcb5d905b8b513860db0cfe63f6cf9f5c/104806969011649046746719379088984609128448
Legendary Brine Storage,.670000000000000000,45,https://opensea.io/assets/ethereum/0xc36cf0cfcb5d905b8b513860db0cfe63f6cf9f5c/100043015874755908258232134584939854168064
Rare Wheat Stand,.670000000000000000,17,https://opensea.io/assets/ethereum/0xc36cf0cfcb5d905b8b513860db0cfe63f6cf9f5c/104806969011649046746719379088984609128448
Epic Water Tower,.699600000000000000,18,https://opensea.io/assets/ethereum/0xc36cf0cfcb5d905b8b513860db0cfe63f6cf9f5c/106168098479332800600572877518711681974272
Legendary Brine Storage,.700000000000000000,45,https://opensea.io/assets/ethereum/0xc36cf0cfcb5d905b8b513860db0cfe63f6cf9f5c/100043015874755908258232134584939854168064
Epic Wheat Stand,0.726425,20,https://opensea.io/assets/ethereum/0xc36cf0cfcb5d905b8b513860db0cfe63f6cf9f5c/105147251378569985210182753696416377339904
Legendary Sugarcane Storage,.730000000000000000,45,https://opensea.io/assets/ethereum/0xc36cf0cfcb5d905b8b513860db0cfe63f6cf9f5c/102765274810123415965939131444393999859712
Legendary Brine Storage,.733100000000000000,45,https://opensea.io/assets/ethereum/0xc36cf0cfcb5d905b8b513860db0cfe63f6cf9f5c/100043015874755908258232134584939854168064
Epic Stylin Ride,.750000000000000000,16,https://opensea.io/assets/ethereum/0xc36cf0cfcb5d905b8b513860db0cfe63f6cf9f5c/240919915780024432132069222061691893710848
Wheat Stand,.750000000000000000,14,https://opensea.io/assets/ethereum/0xc36cf0cfcb5d905b8b513860db0cfe63f6cf9f5c/104466686644728108283256004481552840916992
Epic Wheat Stand,.770000000000000000,20,https://opensea.io/assets/ethereum/0xc36cf0cfcb5d905b8b513860db0cfe63f6cf9f5c/105147251378569985210182753696416377339904
Solar Panel,.800000000000000000,16,https://opensea.io/assets/ethereum/0xc36cf0cfcb5d905b8b513860db0cfe63f6cf9f5c/157891018251315447047005817848340450115584
Solar Panel,.800000000000000000,16,https://opensea.io/assets/ethereum/0xc36cf0cfcb5d905b8b513860db0cfe63f6cf9f5c/157891018251315447047005817848340450115584
Bitrue Wheat,.800000000000000000,24,https://opensea.io/assets/ethereum/0xc36cf0cfcb5d905b8b513860db0cfe63f6cf9f5c/24840612785228507832826346342519079436288
Legendary Brine Storage,.800000000000000000,45,https://opensea.io/assets/ethereum/0xc36cf0cfcb5d905b8b513860db0cfe63f6cf9f5c/100043015874755908258232134584939854168064
Wheat Stand,.800000000000000000,14,https://opensea.io/assets/ethereum/0xc36cf0cfcb5d905b8b513860db0cfe63f6cf9f5c/104466686644728108283256004481552840916992
Legendary Grape Storage,.800000000000000000,45,https://opensea.io/assets/ethereum/0xc36cf0cfcb5d905b8b513860db0cfe63f6cf9f5c/101404145342439662112085633014666927013888
Rare Wheat Stand,0.8302,17,https://opensea.io/assets/ethereum/0xc36cf0cfcb5d905b8b513860db0cfe63f6cf9f5c/104806969011649046746719379088984609128448
Alfa Fountain Good,.860000000000000000,35,https://opensea.io/assets/ethereum/0xc36cf0cfcb5d905b8b513860db0cfe63f6cf9f5c/10889035741470030830827987437816582766592
Epic Grape Storage,.870000000000000000,18,https://opensea.io/assets/ethereum/0xc36cf0cfcb5d905b8b513860db0cfe63f6cf9f5c/101063862975518723648622258407235158802432
Epic Grape Storage,.880000000000000000,18,https://opensea.io/assets/ethereum/0xc36cf0cfcb5d905b8b513860db0cfe63f6cf9f5c/101063862975518723648622258407235158802432
Alfa Fountain Good,.890000000000000000,35,https://opensea.io/assets/ethereum/0xc36cf0cfcb5d905b8b513860db0cfe63f6cf9f5c/10889035741470030830827987437816582766592
Legendary Grape Storage,.890000000000000000,45,https://opensea.io/assets/ethereum/0xc36cf0cfcb5d905b8b513860db0cfe63f6cf9f5c/101404145342439662112085633014666927013888
Legendary Brine Storage,.900000000000000000,45,https://opensea.io/assets/ethereum/0xc36cf0cfcb5d905b8b513860db0cfe63f6cf9f5c/100043015874755908258232134584939854168064
Legendary Sugarcane Storage,.999000000000000000,45,https://opensea.io/assets/ethereum/0xc36cf0cfcb5d905b8b513860db0cfe63f6cf9f5c/102765274810123415965939131444393999859712
Legendary Basketball Court,2.000000000000000000,20,https://opensea.io/assets/ethereum/0xc36cf0cfcb5d905b8b513860db0cfe63f6cf9f5c/230030880038554401301241234623875310944256
Bitrue Wheat,1.000000000000000000,24,https://opensea.io/assets/ethereum/0xc36cf0cfcb5d905b8b513860db0cfe63f6cf9f5c/24840612785228507832826346342519079436288
Solar Panel,1.000000000000000000,16,https://opensea.io/assets/ethereum/0xc36cf0cfcb5d905b8b513860db0cfe63f6cf9f5c/157891018251315447047005817848340450115584
Solar Panel,1.000000000000000000,16,https://opensea.io/assets/ethereum/0xc36cf0cfcb5d905b8b513860db0cfe63f6cf9f5c/157891018251315447047005817848340450115584
Solar Panel,1.000000000000000000,16,https://opensea.io/assets/ethereum/0xc36cf0cfcb5d905b8b513860db0cfe63f6cf9f5c/157891018251315447047005817848340450115584
Epic Basketball Court,2.000000000000000000,13,https://opensea.io/assets/ethereum/0xc36cf0cfcb5d905b8b513860db0cfe63f6cf9f5c/229690597671633462837777860016443542732800
Rare Sugarcane Storage,1.000000000000000000,14,https://opensea.io/assets/ethereum/0xc36cf0cfcb5d905b8b513860db0cfe63f6cf9f5c/102084710076281539039012382229530463436800
Epic Stylin Ride,1.03775,16,https://opensea.io/assets/ethereum/0xc36cf0cfcb5d905b8b513860db0cfe63f6cf9f5c/240919915780024432132069222061691893710848
Bitrue Wheat,1.100000000000000000,24,https://opensea.io/assets/ethereum/0xc36cf0cfcb5d905b8b513860db0cfe63f6cf9f5c/24840612785228507832826346342519079436288
Epic Wheat Storage,1.150000000000000000,18,https://opensea.io/assets/ethereum/0xc36cf0cfcb5d905b8b513860db0cfe63f6cf9f5c/103786121910886231356329255266689304494080
Epic Wheat Storage,1.150000000000000000,18,https://opensea.io/assets/ethereum/0xc36cf0cfcb5d905b8b513860db0cfe63f6cf9f5c/103786121910886231356329255266689304494080
Epic Wheat Storage,1.180000000000000000,18,https://opensea.io/assets/ethereum/0xc36cf0cfcb5d905b8b513860db0cfe63f6cf9f5c/103786121910886231356329255266689304494080
Epic Wheat Storage,1.190000000000000000,18,https://opensea.io/assets/ethereum/0xc36cf0cfcb5d905b8b513860db0cfe63f6cf9f5c/103786121910886231356329255266689304494080
Haunted Graveyard,1.200000000000000000,14,https://opensea.io/assets/ethereum/0xc36cf0cfcb5d905b8b513860db0cfe63f6cf9f5c/173884289496599554829784424397633556054016
Epic Water Tower,1.200000000000000000,18,https://opensea.io/assets/ethereum/0xc36cf0cfcb5d905b8b513860db0cfe63f6cf9f5c/106168098479332800600572877518711681974272
Legendary Stylin Ride,1.300000000000000000,32,https://opensea.io/assets/ethereum/0xc36cf0cfcb5d905b8b513860db0cfe63f6cf9f5c/241260198146945370595532596669123661922304
Legendary Grape Storage,1.350000000000000000,45,https://opensea.io/assets/ethereum/0xc36cf0cfcb5d905b8b513860db0cfe63f6cf9f5c/101404145342439662112085633014666927013888
Legendary Stylin Ride,1.360000000000000000,32,https://opensea.io/assets/ethereum/0xc36cf0cfcb5d905b8b513860db0cfe63f6cf9f5c/241260198146945370595532596669123661922304
Legendary Stylin Ride,1.370000000000000000,32,https://opensea.io/assets/ethereum/0xc36cf0cfcb5d905b8b513860db0cfe63f6cf9f5c/241260198146945370595532596669123661922304
Legendary Stylin Ride,1.380000000000000000,32,https://opensea.io/assets/ethereum/0xc36cf0cfcb5d905b8b513860db0cfe63f6cf9f5c/241260198146945370595532596669123661922304
Legendary Stylin Ride,1.389960000000000000,32,https://opensea.io/assets/ethereum/0xc36cf0cfcb5d905b8b513860db0cfe63f6cf9f5c/241260198146945370595532596669123661922304
Legendary Stylin Ride,1.390000000000000000,32,https://opensea.io/assets/ethereum/0xc36cf0cfcb5d905b8b513860db0cfe63f6cf9f5c/241260198146945370595532596669123661922304
Legendary Stylin Ride,1.390000000000000000,32,https://opensea.io/assets/ethereum/0xc36cf0cfcb5d905b8b513860db0cfe63f6cf9f5c/241260198146945370595532596669123661922304
Lolli and Pop Shop,1.397000000000000000,25,https://opensea.io/assets/ethereum/0xc36cf0cfcb5d905b8b513860db0cfe63f6cf9f5c/227989185837028770520460986979284701675520
Legendary Stylin Ride,1.400000000000000000,32,https://opensea.io/assets/ethereum/0xc36cf0cfcb5d905b8b513860db0cfe63f6cf9f5c/241260198146945370595532596669123661922304
Legendary Stylin Ride,1.450000000000000000,32,https://opensea.io/assets/ethereum/0xc36cf0cfcb5d905b8b513860db0cfe63f6cf9f5c/241260198146945370595532596669123661922304
Legendary Stylin Ride,1.450000000000000000,32,https://opensea.io/assets/ethereum/0xc36cf0cfcb5d905b8b513860db0cfe63f6cf9f5c/241260198146945370595532596669123661922304
Bitrue Wheat,1.500000000000000000,24,https://opensea.io/assets/ethereum/0xc36cf0cfcb5d905b8b513860db0cfe63f6cf9f5c/24840612785228507832826346342519079436288
Legendary Stylin Ride,1.500000000000000000,32,https://opensea.io/assets/ethereum/0xc36cf0cfcb5d905b8b513860db0cfe63f6cf9f5c/241260198146945370595532596669123661922304
Legendary Stylin Ride,1.500000000000000000,32,https://opensea.io/assets/ethereum/0xc36cf0cfcb5d905b8b513860db0cfe63f6cf9f5c/241260198146945370595532596669123661922304
Lolli and Pop Shop,1.520000000000000000,25,https://opensea.io/assets/ethereum/0xc36cf0cfcb5d905b8b513860db0cfe63f6cf9f5c/227989185837028770520460986979284701675520
Bitrue Wheat,1.700000000000000000,24,https://opensea.io/assets/ethereum/0xc36cf0cfcb5d905b8b513860db0cfe63f6cf9f5c/24840612785228507832826346342519079436288
Lolli and Pop Shop,2.000000000000000000,25,https://opensea.io/assets/ethereum/0xc36cf0cfcb5d905b8b513860db0cfe63f6cf9f5c/227989185837028770520460986979284701675520
Solar Panel,2.000000000000000000,16,https://opensea.io/assets/ethereum/0xc36cf0cfcb5d905b8b513860db0cfe63f6cf9f5c/157891018251315447047005817848340450115584
Solar Panel,2.000000000000000000,16,https://opensea.io/assets/ethereum/0xc36cf0cfcb5d905b8b513860db0cfe63f6cf9f5c/157891018251315447047005817848340450115584
Solar Panel,2.000000000000000000,16,https://opensea.io/assets/ethereum/0xc36cf0cfcb5d905b8b513860db0cfe63f6cf9f5c/157891018251315447047005817848340450115584
Legendary Sugarcane Storage,2.400000000000000000,45,https://opensea.io/assets/ethereum/0xc36cf0cfcb5d905b8b513860db0cfe63f6cf9f5c/102765274810123415965939131444393999859712
Solar Panel,3.000000000000000000,16,https://opensea.io/assets/ethereum/0xc36cf0cfcb5d905b8b513860db0cfe63f6cf9f5c/157891018251315447047005817848340450115584
Alfa Fountain Good,3.000000000000000000,35,https://opensea.io/assets/ethereum/0xc36cf0cfcb5d905b8b513860db0cfe63f6cf9f5c/10889035741470030830827987437816582766592
Rare Sugarcane Storage,10.000000000000000000,14,https://opensea.io/assets/ethereum/0xc36cf0cfcb5d905b8b513860db0cfe63f6cf9f5c/102084710076281539039012382229530463436800
Express Depot,.020000000000000000,1,https://opensea.io/assets/ethereum/0xc36cf0cfcb5d905b8b513860db0cfe63f6cf9f5c/11909882842232846221218111260111887400960
Express Depot,.020000000000000000,1,https://opensea.io/assets/ethereum/0xc36cf0cfcb5d905b8b513860db0cfe63f6cf9f5c/11909882842232846221218111260111887400960
Express Depot,.023500000000000000,1,https://opensea.io/assets/ethereum/0xc36cf0cfcb5d905b8b513860db0cfe63f6cf9f5c/11909882842232846221218111260111887400960
Express Depot,.023900000000000000,1,https://opensea.io/assets/ethereum/0xc36cf0cfcb5d905b8b513860db0cfe63f6cf9f5c/11909882842232846221218111260111887400960
Express Depot,.023900000000000000,1,https://opensea.io/assets/ethereum/0xc36cf0cfcb5d905b8b513860db0cfe63f6cf9f5c/11909882842232846221218111260111887400960
Express Depot,.023900000000000000,1,https://opensea.io/assets/ethereum/0xc36cf0cfcb5d905b8b513860db0cfe63f6cf9f5c/11909882842232846221218111260111887400960
Express Depot,.024000000000000000,1,https://opensea.io/assets/ethereum/0xc36cf0cfcb5d905b8b513860db0cfe63f6cf9f5c/11909882842232846221218111260111887400960
Express Depot,.048000000000000000,1,https://opensea.io/assets/ethereum/0xc36cf0cfcb5d905b8b513860db0cfe63f6cf9f5c/11909882842232846221218111260111887400960
Express Depot,.024200000000000000,1,https://opensea.io/assets/ethereum/0xc36cf0cfcb5d905b8b513860db0cfe63f6cf9f5c/11909882842232846221218111260111887400960
Express Depot,.024200000000000000,1,https://opensea.io/assets/ethereum/0xc36cf0cfcb5d905b8b513860db0cfe63f6cf9f5c/11909882842232846221218111260111887400960
Express Depot,.024200000000000000,1,https://opensea.io/assets/ethereum/0xc36cf0cfcb5d905b8b513860db0cfe63f6cf9f5c/11909882842232846221218111260111887400960
Express Depot,0.02482298,1,https://opensea.io/assets/ethereum/0xc36cf0cfcb5d905b8b513860db0cfe63f6cf9f5c/11909882842232846221218111260111887400960
Express Depot,0.02486449,1,https://opensea.io/assets/ethereum/0xc36cf0cfcb5d905b8b513860db0cfe63f6cf9f5c/11909882842232846221218111260111887400960
Express Depot,0.024906,1,https://opensea.io/assets/ethereum/0xc36cf0cfcb5d905b8b513860db0cfe63f6cf9f5c/11909882842232846221218111260111887400960
Express Depot,0.024906,1,https://opensea.io/assets/ethereum/0xc36cf0cfcb5d905b8b513860db0cfe63f6cf9f5c/11909882842232846221218111260111887400960
Express Depot,.025000000000000000,1,https://opensea.io/assets/ethereum/0xc36cf0cfcb5d905b8b513860db0cfe63f6cf9f5c/11909882842232846221218111260111887400960
Express Depot,.025000000000000000,1,https://opensea.io/assets/ethereum/0xc36cf0cfcb5d905b8b513860db0cfe63f6cf9f5c/11909882842232846221218111260111887400960
Express Depot,.025000000000000000,1,https://opensea.io/assets/ethereum/0xc36cf0cfcb5d905b8b513860db0cfe63f6cf9f5c/11909882842232846221218111260111887400960
Express Depot,.029000000000000000,1,https://opensea.io/assets/ethereum/0xc36cf0cfcb5d905b8b513860db0cfe63f6cf9f5c/11909882842232846221218111260111887400960
Uncommon Basketball Court,.066000000000000000,3,https://opensea.io/assets/ethereum/0xc36cf0cfcb5d905b8b513860db0cfe63f6cf9f5c/229010032937791585910851110801580006309888
Uncommon Basketball Court,.350000000000000000,3,https://opensea.io/assets/ethereum/0xc36cf0cfcb5d905b8b513860db0cfe63f6cf9f5c/229010032937791585910851110801580006309888
Express Depot,.035000000000000000,1,https://opensea.io/assets/ethereum/0xc36cf0cfcb5d905b8b513860db0cfe63f6cf9f5c/11909882842232846221218111260111887400960
Express Depot,.035000000000000000,1,https://opensea.io/assets/ethereum/0xc36cf0cfcb5d905b8b513860db0cfe63f6cf9f5c/11909882842232846221218111260111887400960
Gala Turntable,.036000000000000000,3,https://opensea.io/assets/ethereum/0xc36cf0cfcb5d905b8b513860db0cfe63f6cf9f5c/240579633413103493668605847454260125499392
Gala Turntable,0.0369439,3,https://opensea.io/assets/ethereum/0xc36cf0cfcb5d905b8b513860db0cfe63f6cf9f5c/240579633413103493668605847454260125499392
Gala Turntable,0.03727598,3,https://opensea.io/assets/ethereum/0xc36cf0cfcb5d905b8b513860db0cfe63f6cf9f5c/240579633413103493668605847454260125499392
Gala Turntable,0.03731749,3,https://opensea.io/assets/ethereum/0xc36cf0cfcb5d905b8b513860db0cfe63f6cf9f5c/240579633413103493668605847454260125499392
Uncommon Basketball Court,.074000000000000000,3,https://opensea.io/assets/ethereum/0xc36cf0cfcb5d905b8b513860db0cfe63f6cf9f5c/229010032937791585910851110801580006309888
Gala Turntable,0.037359,3,https://opensea.io/assets/ethereum/0xc36cf0cfcb5d905b8b513860db0cfe63f6cf9f5c/240579633413103493668605847454260125499392
Uncommon Basketball Court,0.074718,3,https://opensea.io/assets/ethereum/0xc36cf0cfcb5d905b8b513860db0cfe63f6cf9f5c/229010032937791585910851110801580006309888
Uncommon Basketball Court,.076000000000000000,3,https://opensea.io/assets/ethereum/0xc36cf0cfcb5d905b8b513860db0cfe63f6cf9f5c/229010032937791585910851110801580006309888
Gala Turntable,0.03839675,3,https://opensea.io/assets/ethereum/0xc36cf0cfcb5d905b8b513860db0cfe63f6cf9f5c/240579633413103493668605847454260125499392
Gala Turntable,0.0390194,3,https://opensea.io/assets/ethereum/0xc36cf0cfcb5d905b8b513860db0cfe63f6cf9f5c/240579633413103493668605847454260125499392
Gala Turntable,0.041094900000000004,3,https://opensea.io/assets/ethereum/0xc36cf0cfcb5d905b8b513860db0cfe63f6cf9f5c/240579633413103493668605847454260125499392
Gala Turntable,0.041468490000000004,3,https://opensea.io/assets/ethereum/0xc36cf0cfcb5d905b8b513860db0cfe63f6cf9f5c/240579633413103493668605847454260125499392
Gala Turntable,0.04151,3,https://opensea.io/assets/ethereum/0xc36cf0cfcb5d905b8b513860db0cfe63f6cf9f5c/240579633413103493668605847454260125499392
Gala Turntable,0.04151,3,https://opensea.io/assets/ethereum/0xc36cf0cfcb5d905b8b513860db0cfe63f6cf9f5c/240579633413103493668605847454260125499392
Gala Turntable,0.04151,3,https://opensea.io/assets/ethereum/0xc36cf0cfcb5d905b8b513860db0cfe63f6cf9f5c/240579633413103493668605847454260125499392
Gala Turntable,0.04151,3,https://opensea.io/assets/ethereum/0xc36cf0cfcb5d905b8b513860db0cfe63f6cf9f5c/240579633413103493668605847454260125499392
Gala Turntable,0.04151,3,https://opensea.io/assets/ethereum/0xc36cf0cfcb5d905b8b513860db0cfe63f6cf9f5c/240579633413103493668605847454260125499392
Gala Turntable,0.04151,3,https://opensea.io/assets/ethereum/0xc36cf0cfcb5d905b8b513860db0cfe63f6cf9f5c/240579633413103493668605847454260125499392
Gala Turntable,0.04151,3,https://opensea.io/assets/ethereum/0xc36cf0cfcb5d905b8b513860db0cfe63f6cf9f5c/240579633413103493668605847454260125499392
Gala Turntable,0.04151,3,https://opensea.io/assets/ethereum/0xc36cf0cfcb5d905b8b513860db0cfe63f6cf9f5c/240579633413103493668605847454260125499392
Gala Turntable,0.04151,3,https://opensea.io/assets/ethereum/0xc36cf0cfcb5d905b8b513860db0cfe63f6cf9f5c/240579633413103493668605847454260125499392
Gala Turntable,0.04151,3,https://opensea.io/assets/ethereum/0xc36cf0cfcb5d905b8b513860db0cfe63f6cf9f5c/240579633413103493668605847454260125499392
Gala Turntable,0.04151,3,https://opensea.io/assets/ethereum/0xc36cf0cfcb5d905b8b513860db0cfe63f6cf9f5c/240579633413103493668605847454260125499392
Gala Turntable,0.04151,3,https://opensea.io/assets/ethereum/0xc36cf0cfcb5d905b8b513860db0cfe63f6cf9f5c/240579633413103493668605847454260125499392
Uncommon Basketball Court,.049990000000000000,3,https://opensea.io/assets/ethereum/0xc36cf0cfcb5d905b8b513860db0cfe63f6cf9f5c/229010032937791585910851110801580006309888
Uncommon Basketball Court,.050000000000000000,3,https://opensea.io/assets/ethereum/0xc36cf0cfcb5d905b8b513860db0cfe63f6cf9f5c/229010032937791585910851110801580006309888
Express Depot,.050000000000000000,1,https://opensea.io/assets/ethereum/0xc36cf0cfcb5d905b8b513860db0cfe63f6cf9f5c/11909882842232846221218111260111887400960
Rare Basketball Court,0.058114,7,https://opensea.io/assets/ethereum/0xc36cf0cfcb5d905b8b513860db0cfe63f6cf9f5c/229350315304712524374314485409011774521344
Rare Basketball Court,0.058114,7,https://opensea.io/assets/ethereum/0xc36cf0cfcb5d905b8b513860db0cfe63f6cf9f5c/229350315304712524374314485409011774521344
Gala Turntable,.060000000000000000,3,https://opensea.io/assets/ethereum/0xc36cf0cfcb5d905b8b513860db0cfe63f6cf9f5c/240579633413103493668605847454260125499392
Uncommon Basketball Court,.120000000000000000,3,https://opensea.io/assets/ethereum/0xc36cf0cfcb5d905b8b513860db0cfe63f6cf9f5c/229010032937791585910851110801580006309888
Rare Basketball Court,0.12453,7,https://opensea.io/assets/ethereum/0xc36cf0cfcb5d905b8b513860db0cfe63f6cf9f5c/229350315304712524374314485409011774521344
Rare Basketball Court,.123800000000000000,7,https://opensea.io/assets/ethereum/0xc36cf0cfcb5d905b8b513860db0cfe63f6cf9f5c/229350315304712524374314485409011774521344
Rare Basketball Court,0.066416,7,https://opensea.io/assets/ethereum/0xc36cf0cfcb5d905b8b513860db0cfe63f6cf9f5c/229350315304712524374314485409011774521344
Uncommon Basketball Court,.070000000000000000,3,https://opensea.io/assets/ethereum/0xc36cf0cfcb5d905b8b513860db0cfe63f6cf9f5c/229010032937791585910851110801580006309888
Death Row Records,.070000000000000000,5,https://opensea.io/assets/ethereum/0xc36cf0cfcb5d905b8b513860db0cfe63f6cf9f5c/241600480513866309058995971276555430133760
Wheat Storage,0.145285,11,https://opensea.io/assets/ethereum/0xc36cf0cfcb5d905b8b513860db0cfe63f6cf9f5c/103105557177044354429402506051825768071168
Wheat Storage,0.0738878,11,https://opensea.io/assets/ethereum/0xc36cf0cfcb5d905b8b513860db0cfe63f6cf9f5c/103105557177044354429402506051825768071168
Rare Basketball Court,.296000000000000000,7,https://opensea.io/assets/ethereum/0xc36cf0cfcb5d905b8b513860db0cfe63f6cf9f5c/229350315304712524374314485409011774521344
Water Tank,.074000000000000000,3,https://opensea.io/assets/ethereum/0xc36cf0cfcb5d905b8b513860db0cfe63f6cf9f5c/232753138973921909008948231483329456635904
Wheat Storage,0.074718,11,https://opensea.io/assets/ethereum/0xc36cf0cfcb5d905b8b513860db0cfe63f6cf9f5c/103105557177044354429402506051825768071168
Rare Basketball Court,.300000000000000000,7,https://opensea.io/assets/ethereum/0xc36cf0cfcb5d905b8b513860db0cfe63f6cf9f5c/229350315304712524374314485409011774521344
Wheat Storage,0.0767935,11,https://opensea.io/assets/ethereum/0xc36cf0cfcb5d905b8b513860db0cfe63f6cf9f5c/103105557177044354429402506051825768071168
Water Tank,0.07882749,3,https://opensea.io/assets/ethereum/0xc36cf0cfcb5d905b8b513860db0cfe63f6cf9f5c/232753138973921909008948231483329456635904
Water Tank,0.078869,3,https://opensea.io/assets/ethereum/0xc36cf0cfcb5d905b8b513860db0cfe63f6cf9f5c/232753138973921909008948231483329456635904
Sugarcane Storage,.078400000000000000,11,https://opensea.io/assets/ethereum/0xc36cf0cfcb5d905b8b513860db0cfe63f6cf9f5c/101744427709360600575549007622098695225344
Sugarcane Storage,.078500000000000000,11,https://opensea.io/assets/ethereum/0xc36cf0cfcb5d905b8b513860db0cfe63f6cf9f5c/101744427709360600575549007622098695225344
Death Row Records,.079900000000000000,5,https://opensea.io/assets/ethereum/0xc36cf0cfcb5d905b8b513860db0cfe63f6cf9f5c/241600480513866309058995971276555430133760
Rare Basketball Court,.320000000000000000,7,https://opensea.io/assets/ethereum/0xc36cf0cfcb5d905b8b513860db0cfe63f6cf9f5c/229350315304712524374314485409011774521344
Sugarcane Storage,.080000000000000000,11,https://opensea.io/assets/ethereum/0xc36cf0cfcb5d905b8b513860db0cfe63f6cf9f5c/101744427709360600575549007622098695225344
Sugarcane Storage,.080000000000000000,11,https://opensea.io/assets/ethereum/0xc36cf0cfcb5d905b8b513860db0cfe63f6cf9f5c/101744427709360600575549007622098695225344
Sugarcane Storage,.081000000000000000,11,https://opensea.io/assets/ethereum/0xc36cf0cfcb5d905b8b513860db0cfe63f6cf9f5c/101744427709360600575549007622098695225344
Water Tank,.081000000000000000,3,https://opensea.io/assets/ethereum/0xc36cf0cfcb5d905b8b513860db0cfe63f6cf9f5c/232753138973921909008948231483329456635904
Water Tank,0.08297849,3,https://opensea.io/assets/ethereum/0xc36cf0cfcb5d905b8b513860db0cfe63f6cf9f5c/232753138973921909008948231483329456635904
Water Tank,0.08302,3,https://opensea.io/assets/ethereum/0xc36cf0cfcb5d905b8b513860db0cfe63f6cf9f5c/232753138973921909008948231483329456635904
Sugarcane Storage,0.0850955,11,https://opensea.io/assets/ethereum/0xc36cf0cfcb5d905b8b513860db0cfe63f6cf9f5c/101744427709360600575549007622098695225344
Buggy Waterbot,.084955000000000000,10,https://opensea.io/assets/ethereum/0xc36cf0cfcb5d905b8b513860db0cfe63f6cf9f5c/138835205703742893093056839832161430274048
Rare Basketball Court,.085000000000000000,7,https://opensea.io/assets/ethereum/0xc36cf0cfcb5d905b8b513860db0cfe63f6cf9f5c/229350315304712524374314485409011774521344
Buggy Waterbot,.085000000000000000,10,https://opensea.io/assets/ethereum/0xc36cf0cfcb5d905b8b513860db0cfe63f6cf9f5c/138835205703742893093056839832161430274048
Sugarcane Storage,.086000000000000000,11,https://opensea.io/assets/ethereum/0xc36cf0cfcb5d905b8b513860db0cfe63f6cf9f5c/101744427709360600575549007622098695225344
Buggy Waterbot,.087000000000000000,10,https://opensea.io/assets/ethereum/0xc36cf0cfcb5d905b8b513860db0cfe63f6cf9f5c/138835205703742893093056839832161430274048
Sugarcane Storage,.087000000000000000,11,https://opensea.io/assets/ethereum/0xc36cf0cfcb5d905b8b513860db0cfe63f6cf9f5c/101744427709360600575549007622098695225344
Sugarcane Storage,.087500000000000000,11,https://opensea.io/assets/ethereum/0xc36cf0cfcb5d905b8b513860db0cfe63f6cf9f5c/101744427709360600575549007622098695225344
Sugarcane Storage,.088800000000000000,11,https://opensea.io/assets/ethereum/0xc36cf0cfcb5d905b8b513860db0cfe63f6cf9f5c/101744427709360600575549007622098695225344
Wheat Storage,.090000000000000000,11,https://opensea.io/assets/ethereum/0xc36cf0cfcb5d905b8b513860db0cfe63f6cf9f5c/103105557177044354429402506051825768071168
Wheat Storage,0.095473,11,https://opensea.io/assets/ethereum/0xc36cf0cfcb5d905b8b513860db0cfe63f6cf9f5c/103105557177044354429402506051825768071168
Water Tank,0.095473,3,https://opensea.io/assets/ethereum/0xc36cf0cfcb5d905b8b513860db0cfe63f6cf9f5c/232753138973921909008948231483329456635904
Water Tower,.095000000000000000,11,https://opensea.io/assets/ethereum/0xc36cf0cfcb5d905b8b513860db0cfe63f6cf9f5c/105487533745490923673646128303848145551360
Water Tank,0.0975485,3,https://opensea.io/assets/ethereum/0xc36cf0cfcb5d905b8b513860db0cfe63f6cf9f5c/232753138973921909008948231483329456635904
Grape Storage,0.09858625,11,https://opensea.io/assets/ethereum/0xc36cf0cfcb5d905b8b513860db0cfe63f6cf9f5c/100383298241676846721695509192371622379520
Grape Storage,0.0987938,11,https://opensea.io/assets/ethereum/0xc36cf0cfcb5d905b8b513860db0cfe63f6cf9f5c/100383298241676846721695509192371622379520
Grape Storage,.098000000000000000,11,https://opensea.io/assets/ethereum/0xc36cf0cfcb5d905b8b513860db0cfe63f6cf9f5c/100383298241676846721695509192371622379520
Grape Storage,0.099624,11,https://opensea.io/assets/ethereum/0xc36cf0cfcb5d905b8b513860db0cfe63f6cf9f5c/100383298241676846721695509192371622379520
Water Tower,0.099624,11,https://opensea.io/assets/ethereum/0xc36cf0cfcb5d905b8b513860db0cfe63f6cf9f5c/105487533745490923673646128303848145551360
Grape Storage,.099000000000000000,11,https://opensea.io/assets/ethereum/0xc36cf0cfcb5d905b8b513860db0cfe63f6cf9f5c/100383298241676846721695509192371622379520
Water Tank,.099000000000000000,3,https://opensea.io/assets/ethereum/0xc36cf0cfcb5d905b8b513860db0cfe63f6cf9f5c/232753138973921909008948231483329456635904
Buggy Waterbot,.099000000000000000,10,https://opensea.io/assets/ethereum/0xc36cf0cfcb5d905b8b513860db0cfe63f6cf9f5c/138835205703742893093056839832161430274048
Buggy Waterbot,.099999000000000000,10,https://opensea.io/assets/ethereum/0xc36cf0cfcb5d905b8b513860db0cfe63f6cf9f5c/138835205703742893093056839832161430274048
Wheat Storage,.100000000000000000,11,https://opensea.io/assets/ethereum/0xc36cf0cfcb5d905b8b513860db0cfe63f6cf9f5c/103105557177044354429402506051825768071168
Grape Storage,.100000000000000000,11,https://opensea.io/assets/ethereum/0xc36cf0cfcb5d905b8b513860db0cfe63f6cf9f5c/100383298241676846721695509192371622379520
Grape Storage,.100000000000000000,11,https://opensea.io/assets/ethereum/0xc36cf0cfcb5d905b8b513860db0cfe63f6cf9f5c/100383298241676846721695509192371622379520
Grape Storage,.100000000000000000,11,https://opensea.io/assets/ethereum/0xc36cf0cfcb5d905b8b513860db0cfe63f6cf9f5c/100383298241676846721695509192371622379520
Death Row Records,.100000000000000000,5,https://opensea.io/assets/ethereum/0xc36cf0cfcb5d905b8b513860db0cfe63f6cf9f5c/241600480513866309058995971276555430133760
Death Row Records,.100000000000000000,5,https://opensea.io/assets/ethereum/0xc36cf0cfcb5d905b8b513860db0cfe63f6cf9f5c/241600480513866309058995971276555430133760
Death Row Records,.100000000000000000,5,https://opensea.io/assets/ethereum/0xc36cf0cfcb5d905b8b513860db0cfe63f6cf9f5c/241600480513866309058995971276555430133760
Express Depot,.100000000000000000,1,https://opensea.io/assets/ethereum/0xc36cf0cfcb5d905b8b513860db0cfe63f6cf9f5c/11909882842232846221218111260111887400960
Water Tank,.100000000000000000,3,https://opensea.io/assets/ethereum/0xc36cf0cfcb5d905b8b513860db0cfe63f6cf9f5c/232753138973921909008948231483329456635904
Water Tank,.100000000000000000,3,https://opensea.io/assets/ethereum/0xc36cf0cfcb5d905b8b513860db0cfe63f6cf9f5c/232753138973921909008948231483329456635904
Water Tower,0.10481275,11,https://opensea.io/assets/ethereum/0xc36cf0cfcb5d905b8b513860db0cfe63f6cf9f5c/105487533745490923673646128303848145551360
Water Tower,.104000000000000000,11,https://opensea.io/assets/ethereum/0xc36cf0cfcb5d905b8b513860db0cfe63f6cf9f5c/105487533745490923673646128303848145551360
Water Tower,0.1058505,11,https://opensea.io/assets/ethereum/0xc36cf0cfcb5d905b8b513860db0cfe63f6cf9f5c/105487533745490923673646128303848145551360
Water Tower,.105000000000000000,11,https://opensea.io/assets/ethereum/0xc36cf0cfcb5d905b8b513860db0cfe63f6cf9f5c/105487533745490923673646128303848145551360
Water Tower,.106000000000000000,11,https://opensea.io/assets/ethereum/0xc36cf0cfcb5d905b8b513860db0cfe63f6cf9f5c/105487533745490923673646128303848145551360
Wheat Storage,0.10792600000000001,11,https://opensea.io/assets/ethereum/0xc36cf0cfcb5d905b8b513860db0cfe63f6cf9f5c/103105557177044354429402506051825768071168
Water Tower,0.10792600000000001,11,https://opensea.io/assets/ethereum/0xc36cf0cfcb5d905b8b513860db0cfe63f6cf9f5c/105487533745490923673646128303848145551360
Buggy Waterbot,0.10792600000000001,10,https://opensea.io/assets/ethereum/0xc36cf0cfcb5d905b8b513860db0cfe63f6cf9f5c/138835205703742893093056839832161430274048
Grape Storage,.550000000000000000,11,https://opensea.io/assets/ethereum/0xc36cf0cfcb5d905b8b513860db0cfe63f6cf9f5c/100383298241676846721695509192371622379520
Death Row Records,.110000000000000000,5,https://opensea.io/assets/ethereum/0xc36cf0cfcb5d905b8b513860db0cfe63f6cf9f5c/241600480513866309058995971276555430133760
Buggy Waterbot,.110000000000000000,10,https://opensea.io/assets/ethereum/0xc36cf0cfcb5d905b8b513860db0cfe63f6cf9f5c/138835205703742893093056839832161430274048
Wheat Storage,0.336231,11,https://opensea.io/assets/ethereum/0xc36cf0cfcb5d905b8b513860db0cfe63f6cf9f5c/103105557177044354429402506051825768071168
Buggy Waterbot,0.112077,10,https://opensea.io/assets/ethereum/0xc36cf0cfcb5d905b8b513860db0cfe63f6cf9f5c/138835205703742893093056839832161430274048
Water Tower,.112000000000000000,11,https://opensea.io/assets/ethereum/0xc36cf0cfcb5d905b8b513860db0cfe63f6cf9f5c/105487533745490923673646128303848145551360
Water Tower,.114000000000000000,11,https://opensea.io/assets/ethereum/0xc36cf0cfcb5d905b8b513860db0cfe63f6cf9f5c/105487533745490923673646128303848145551360
Brine Storage,0.116228,11,https://opensea.io/assets/ethereum/0xc36cf0cfcb5d905b8b513860db0cfe63f6cf9f5c/99022168773993092867842010762644549533696
Alfa Fountain Ok,0.11826199,8,https://opensea.io/assets/ethereum/0xc36cf0cfcb5d905b8b513860db0cfe63f6cf9f5c/10548753374549092367364612830384814555136
Alfa Fountain Ok,0.1183035,8,https://opensea.io/assets/ethereum/0xc36cf0cfcb5d905b8b513860db0cfe63f6cf9f5c/10548753374549092367364612830384814555136
Alfa Fountain Ok,0.2382674,8,https://opensea.io/assets/ethereum/0xc36cf0cfcb5d905b8b513860db0cfe63f6cf9f5c/10548753374549092367364612830384814555136
Brine Storage,.119000000000000000,11,https://opensea.io/assets/ethereum/0xc36cf0cfcb5d905b8b513860db0cfe63f6cf9f5c/99022168773993092867842010762644549533696
Gala Turntable,.120000000000000000,3,https://opensea.io/assets/ethereum/0xc36cf0cfcb5d905b8b513860db0cfe63f6cf9f5c/240579633413103493668605847454260125499392
Grape Storage,.120000000000000000,11,https://opensea.io/assets/ethereum/0xc36cf0cfcb5d905b8b513860db0cfe63f6cf9f5c/100383298241676846721695509192371622379520
Grape Storage,.120000000000000000,11,https://opensea.io/assets/ethereum/0xc36cf0cfcb5d905b8b513860db0cfe63f6cf9f5c/100383298241676846721695509192371622379520
Brine Storage,.120000000000000000,11,https://opensea.io/assets/ethereum/0xc36cf0cfcb5d905b8b513860db0cfe63f6cf9f5c/99022168773993092867842010762644549533696
Water Tower,.120000000000000000,11,https://opensea.io/assets/ethereum/0xc36cf0cfcb5d905b8b513860db0cfe63f6cf9f5c/105487533745490923673646128303848145551360
Water Tower,.120000000000000000,11,https://opensea.io/assets/ethereum/0xc36cf0cfcb5d905b8b513860db0cfe63f6cf9f5c/105487533745490923673646128303848145551360
Water Tower,.121000000000000000,11,https://opensea.io/assets/ethereum/0xc36cf0cfcb5d905b8b513860db0cfe63f6cf9f5c/105487533745490923673646128303848145551360
Buggy Waterbot,0.12453,10,https://opensea.io/assets/ethereum/0xc36cf0cfcb5d905b8b513860db0cfe63f6cf9f5c/138835205703742893093056839832161430274048
Brine Storage,.129000000000000000,11,https://opensea.io/assets/ethereum/0xc36cf0cfcb5d905b8b513860db0cfe63f6cf9f5c/99022168773993092867842010762644549533696
Water Tower,.129000000000000000,11,https://opensea.io/assets/ethereum/0xc36cf0cfcb5d905b8b513860db0cfe63f6cf9f5c/105487533745490923673646128303848145551360
Alfa Fountain Ok,0.13279049,8,https://opensea.io/assets/ethereum/0xc36cf0cfcb5d905b8b513860db0cfe63f6cf9f5c/10548753374549092367364612830384814555136
Alfa Fountain Ok,0.132832,8,https://opensea.io/assets/ethereum/0xc36cf0cfcb5d905b8b513860db0cfe63f6cf9f5c/10548753374549092367364612830384814555136
Alfa Fountain Ok,0.13694149,8,https://opensea.io/assets/ethereum/0xc36cf0cfcb5d905b8b513860db0cfe63f6cf9f5c/10548753374549092367364612830384814555136
Alfa Fountain Ok,.136990000000000000,8,https://opensea.io/assets/ethereum/0xc36cf0cfcb5d905b8b513860db0cfe63f6cf9f5c/10548753374549092367364612830384814555136
Alfa Fountain Ok,.137000000000000000,8,https://opensea.io/assets/ethereum/0xc36cf0cfcb5d905b8b513860db0cfe63f6cf9f5c/10548753374549092367364612830384814555136
Alfa Fountain Ok,.137100000000000000,8,https://opensea.io/assets/ethereum/0xc36cf0cfcb5d905b8b513860db0cfe63f6cf9f5c/10548753374549092367364612830384814555136
Alfa Fountain Ok,.137500000000000000,8,https://opensea.io/assets/ethereum/0xc36cf0cfcb5d905b8b513860db0cfe63f6cf9f5c/10548753374549092367364612830384814555136
Alfa Fountain Ok,.137600000000000000,8,https://opensea.io/assets/ethereum/0xc36cf0cfcb5d905b8b513860db0cfe63f6cf9f5c/10548753374549092367364612830384814555136
Alfa Fountain Ok,.137700000000000000,8,https://opensea.io/assets/ethereum/0xc36cf0cfcb5d905b8b513860db0cfe63f6cf9f5c/10548753374549092367364612830384814555136
Alfa Fountain Ok,.137800000000000000,8,https://opensea.io/assets/ethereum/0xc36cf0cfcb5d905b8b513860db0cfe63f6cf9f5c/10548753374549092367364612830384814555136
Alfa Fountain Ok,.138000000000000000,8,https://opensea.io/assets/ethereum/0xc36cf0cfcb5d905b8b513860db0cfe63f6cf9f5c/10548753374549092367364612830384814555136
Water Tower,.140000000000000000,11,https://opensea.io/assets/ethereum/0xc36cf0cfcb5d905b8b513860db0cfe63f6cf9f5c/105487533745490923673646128303848145551360
Wheat Storage,0.145285,11,https://opensea.io/assets/ethereum/0xc36cf0cfcb5d905b8b513860db0cfe63f6cf9f5c/103105557177044354429402506051825768071168
Death Row Records,.147000000000000000,5,https://opensea.io/assets/ethereum/0xc36cf0cfcb5d905b8b513860db0cfe63f6cf9f5c/241600480513866309058995971276555430133760
Death Row Records,.149000000000000000,5,https://opensea.io/assets/ethereum/0xc36cf0cfcb5d905b8b513860db0cfe63f6cf9f5c/241600480513866309058995971276555430133760
Brine Storage,.149000000000000000,11,https://opensea.io/assets/ethereum/0xc36cf0cfcb5d905b8b513860db0cfe63f6cf9f5c/99022168773993092867842010762644549533696
Grape Storage,.150000000000000000,11,https://opensea.io/assets/ethereum/0xc36cf0cfcb5d905b8b513860db0cfe63f6cf9f5c/100383298241676846721695509192371622379520
Water Tower,.150000000000000000,11,https://opensea.io/assets/ethereum/0xc36cf0cfcb5d905b8b513860db0cfe63f6cf9f5c/105487533745490923673646128303848145551360
Alfa Fountain Ok,.150000000000000000,8,https://opensea.io/assets/ethereum/0xc36cf0cfcb5d905b8b513860db0cfe63f6cf9f5c/10548753374549092367364612830384814555136
Wheat Storage,.155000000000000000,11,https://opensea.io/assets/ethereum/0xc36cf0cfcb5d905b8b513860db0cfe63f6cf9f5c/103105557177044354429402506051825768071168
Brine Storage,.159000000000000000,11,https://opensea.io/assets/ethereum/0xc36cf0cfcb5d905b8b513860db0cfe63f6cf9f5c/99022168773993092867842010762644549533696
Brine Storage,.160000000000000000,11,https://opensea.io/assets/ethereum/0xc36cf0cfcb5d905b8b513860db0cfe63f6cf9f5c/99022168773993092867842010762644549533696
Brine Storage,.164000000000000000,11,https://opensea.io/assets/ethereum/0xc36cf0cfcb5d905b8b513860db0cfe63f6cf9f5c/99022168773993092867842010762644549533696
Brine Storage,0.16604,11,https://opensea.io/assets/ethereum/0xc36cf0cfcb5d905b8b513860db0cfe63f6cf9f5c/99022168773993092867842010762644549533696
Brine Storage,.167000000000000000,11,https://opensea.io/assets/ethereum/0xc36cf0cfcb5d905b8b513860db0cfe63f6cf9f5c/99022168773993092867842010762644549533696
Brine Storage,.169000000000000000,11,https://opensea.io/assets/ethereum/0xc36cf0cfcb5d905b8b513860db0cfe63f6cf9f5c/99022168773993092867842010762644549533696
Wheat Storage,.170000000000000000,11,https://opensea.io/assets/ethereum/0xc36cf0cfcb5d905b8b513860db0cfe63f6cf9f5c/103105557177044354429402506051825768071168
Grape Storage,.180000000000000000,11,https://opensea.io/assets/ethereum/0xc36cf0cfcb5d905b8b513860db0cfe63f6cf9f5c/100383298241676846721695509192371622379520
Brine Storage,.195000000000000000,11,https://opensea.io/assets/ethereum/0xc36cf0cfcb5d905b8b513860db0cfe63f6cf9f5c/99022168773993092867842010762644549533696
Brine Storage,.200000000000000000,11,https://opensea.io/assets/ethereum/0xc36cf0cfcb5d905b8b513860db0cfe63f6cf9f5c/99022168773993092867842010762644549533696
Rare Basketball Court,.200000000000000000,7,https://opensea.io/assets/ethereum/0xc36cf0cfcb5d905b8b513860db0cfe63f6cf9f5c/229350315304712524374314485409011774521344
Grape Storage,.200000000000000000,11,https://opensea.io/assets/ethereum/0xc36cf0cfcb5d905b8b513860db0cfe63f6cf9f5c/100383298241676846721695509192371622379520
Alfa Fountain Ok,.240000000000000000,8,https://opensea.io/assets/ethereum/0xc36cf0cfcb5d905b8b513860db0cfe63f6cf9f5c/10548753374549092367364612830384814555136
Alfa Fountain Ok,.240000000000000000,8,https://opensea.io/assets/ethereum/0xc36cf0cfcb5d905b8b513860db0cfe63f6cf9f5c/10548753374549092367364612830384814555136
Alfa Fountain Ok,.480000000000000000,8,https://opensea.io/assets/ethereum/0xc36cf0cfcb5d905b8b513860db0cfe63f6cf9f5c/10548753374549092367364612830384814555136
Sugarcane Storage,.480000000000000000,11,https://opensea.io/assets/ethereum/0xc36cf0cfcb5d905b8b513860db0cfe63f6cf9f5c/101744427709360600575549007622098695225344
Rare Water Tower,0.24906,2,https://opensea.io/assets/ethereum/0xc36cf0cfcb5d905b8b513860db0cfe63f6cf9f5c/105827816112411862137109502911279913762816
Alfa Fountain Ok,.250000000000000000,8,https://opensea.io/assets/ethereum/0xc36cf0cfcb5d905b8b513860db0cfe63f6cf9f5c/10548753374549092367364612830384814555136
Death Row Records,.250000000000000000,5,https://opensea.io/assets/ethereum/0xc36cf0cfcb5d905b8b513860db0cfe63f6cf9f5c/241600480513866309058995971276555430133760
Rare Water Tower,0.2594375,2,https://opensea.io/assets/ethereum/0xc36cf0cfcb5d905b8b513860db0cfe63f6cf9f5c/105827816112411862137109502911279913762816
Sugarcane Storage,.260000000000000000,11,https://opensea.io/assets/ethereum/0xc36cf0cfcb5d905b8b513860db0cfe63f6cf9f5c/101744427709360600575549007622098695225344
Brine Storage,0.269815,11,https://opensea.io/assets/ethereum/0xc36cf0cfcb5d905b8b513860db0cfe63f6cf9f5c/99022168773993092867842010762644549533696
Rare Basketball Court,.299000000000000000,7,https://opensea.io/assets/ethereum/0xc36cf0cfcb5d905b8b513860db0cfe63f6cf9f5c/229350315304712524374314485409011774521344
Rare Water Tower,.300000000000000000,2,https://opensea.io/assets/ethereum/0xc36cf0cfcb5d905b8b513860db0cfe63f6cf9f5c/105827816112411862137109502911279913762816
Alfa Fountain Ok,.300000000000000000,8,https://opensea.io/assets/ethereum/0xc36cf0cfcb5d905b8b513860db0cfe63f6cf9f5c/10548753374549092367364612830384814555136
Rare Water Tower,.300000000000000000,2,https://opensea.io/assets/ethereum/0xc36cf0cfcb5d905b8b513860db0cfe63f6cf9f5c/105827816112411862137109502911279913762816
Buggy Waterbot,.300000000000000000,10,https://opensea.io/assets/ethereum/0xc36cf0cfcb5d905b8b513860db0cfe63f6cf9f5c/138835205703742893093056839832161430274048
Alfa Fountain Ok,.300000000000000000,8,https://opensea.io/assets/ethereum/0xc36cf0cfcb5d905b8b513860db0cfe63f6cf9f5c/10548753374549092367364612830384814555136
Alfa Fountain Ok,.320000000000000000,8,https://opensea.io/assets/ethereum/0xc36cf0cfcb5d905b8b513860db0cfe63f6cf9f5c/10548753374549092367364612830384814555136
Alfa Fountain Ok,.333000000000000000,8,https://opensea.io/assets/ethereum/0xc36cf0cfcb5d905b8b513860db0cfe63f6cf9f5c/10548753374549092367364612830384814555136
Rare Water Tower,.340000000000000000,2,https://opensea.io/assets/ethereum/0xc36cf0cfcb5d905b8b513860db0cfe63f6cf9f5c/105827816112411862137109502911279913762816
Alfa Fountain Ok,.340000000000000000,8,https://opensea.io/assets/ethereum/0xc36cf0cfcb5d905b8b513860db0cfe63f6cf9f5c/10548753374549092367364612830384814555136
Alfa Fountain Ok,.340000000000000000,8,https://opensea.io/assets/ethereum/0xc36cf0cfcb5d905b8b513860db0cfe63f6cf9f5c/10548753374549092367364612830384814555136
Alfa Fountain Ok,.340000000000000000,8,https://opensea.io/assets/ethereum/0xc36cf0cfcb5d905b8b513860db0cfe63f6cf9f5c/10548753374549092367364612830384814555136
Alfa Fountain Ok,.340000000000000000,8,https://opensea.io/assets/ethereum/0xc36cf0cfcb5d905b8b513860db0cfe63f6cf9f5c/10548753374549092367364612830384814555136
Alfa Fountain Ok,.350000000000000000,8,https://opensea.io/assets/ethereum/0xc36cf0cfcb5d905b8b513860db0cfe63f6cf9f5c/10548753374549092367364612830384814555136
Uncommon Basketball Court,.350000000000000000,3,https://opensea.io/assets/ethereum/0xc36cf0cfcb5d905b8b513860db0cfe63f6cf9f5c/229010032937791585910851110801580006309888
Rare Basketball Court,.400000000000000000,7,https://opensea.io/assets/ethereum/0xc36cf0cfcb5d905b8b513860db0cfe63f6cf9f5c/229350315304712524374314485409011774521344
Buggy Waterbot,.400000000000000000,10,https://opensea.io/assets/ethereum/0xc36cf0cfcb5d905b8b513860db0cfe63f6cf9f5c/138835205703742893093056839832161430274048
Water Tower,.400000000000000000,11,https://opensea.io/assets/ethereum/0xc36cf0cfcb5d905b8b513860db0cfe63f6cf9f5c/105487533745490923673646128303848145551360
Water Tower,.400000000000000000,11,https://opensea.io/assets/ethereum/0xc36cf0cfcb5d905b8b513860db0cfe63f6cf9f5c/105487533745490923673646128303848145551360
Rare Water Tower,.405000000000000000,2,https://opensea.io/assets/ethereum/0xc36cf0cfcb5d905b8b513860db0cfe63f6cf9f5c/105827816112411862137109502911279913762816
Brine Storage,0.4151,11,https://opensea.io/assets/ethereum/0xc36cf0cfcb5d905b8b513860db0cfe63f6cf9f5c/99022168773993092867842010762644549533696
Rare Water Tower,.425000000000000000,2,https://opensea.io/assets/ethereum/0xc36cf0cfcb5d905b8b513860db0cfe63f6cf9f5c/105827816112411862137109502911279913762816
Wheat Storage,.450000000000000000,11,https://opensea.io/assets/ethereum/0xc36cf0cfcb5d905b8b513860db0cfe63f6cf9f5c/103105557177044354429402506051825768071168
Wheat Storage,.490000000000000000,11,https://opensea.io/assets/ethereum/0xc36cf0cfcb5d905b8b513860db0cfe63f6cf9f5c/103105557177044354429402506051825768071168
Buggy Waterbot,.500000000000000000,10,https://opensea.io/assets/ethereum/0xc36cf0cfcb5d905b8b513860db0cfe63f6cf9f5c/138835205703742893093056839832161430274048
Brine Storage,.569000000000000000,11,https://opensea.io/assets/ethereum/0xc36cf0cfcb5d905b8b513860db0cfe63f6cf9f5c/99022168773993092867842010762644549533696
Water Tank,2000.000000000000000000,3,https://opensea.io/assets/ethereum/0xc36cf0cfcb5d905b8b513860db0cfe63f6cf9f5c/232753138973921909008948231483329456635904
